step,episode,current_rate,peak_rate,drop_pct
14823,6204,0.28,0.49,20.999999999999996
14827,6205,0.28,0.49,20.999999999999996
14828,6206,0.28,0.49,20.999999999999996
14830,6207,0.27,0.49,21.999999999999996
14834,6208,0.28,0.49,20.999999999999996
14836,6209,0.28,0.49,20.999999999999996
14838,6210,0.28,0.49,20.999999999999996
14841,6211,0.28,0.49,20.999999999999996
14844,6212,0.28,0.49,20.999999999999996
14847,6213,0.28,0.49,20.999999999999996
14848,6214,0.28,0.49,20.999999999999996
14854,6216,0.28,0.49,20.999999999999996
14855,6217,0.27,0.49,21.999999999999996
14856,6218,0.27,0.49,21.999999999999996
14859,6219,0.28,0.49,20.999999999999996
14862,6220,0.28,0.49,20.999999999999996
14864,6221,0.28,0.49,20.999999999999996
16010,6723,0.28,0.49,20.999999999999996
16012,6724,0.28,0.49,20.999999999999996
16018,6725,0.28,0.49,20.999999999999996
16047,6737,0.28,0.49,20.999999999999996
16048,6738,0.27,0.49,21.999999999999996
16052,6739,0.26,0.49,23.0
16054,6740,0.26,0.49,23.0
16055,6741,0.27,0.49,21.999999999999996
16056,6742,0.27,0.49,21.999999999999996
16057,6743,0.27,0.49,21.999999999999996
16060,6744,0.26,0.49,23.0
16065,6745,0.26,0.49,23.0
16067,6746,0.26,0.49,23.0
16068,6747,0.27,0.49,21.999999999999996
16070,6748,0.26,0.49,23.0
16072,6749,0.26,0.49,23.0
16074,6750,0.25,0.49,24.0
16078,6751,0.25,0.49,24.0
16079,6752,0.25,0.49,24.0
16081,6753,0.25,0.49,24.0
16084,6754,0.25,0.49,24.0
16085,6755,0.25,0.49,24.0
16086,6756,0.25,0.49,24.0
16088,6757,0.24,0.49,25.0
16093,6758,0.24,0.49,25.0
16094,6759,0.23,0.49,26.0
16096,6760,0.24,0.49,25.0
16097,6761,0.24,0.49,25.0
16101,6762,0.25,0.49,24.0
16102,6763,0.25,0.49,24.0
16104,6764,0.25,0.49,24.0
16106,6765,0.25,0.49,24.0
16107,6766,0.25,0.49,24.0
16109,6767,0.25,0.49,24.0
16110,6768,0.25,0.49,24.0
16112,6769,0.25,0.49,24.0
16113,6770,0.25,0.49,24.0
16116,6771,0.26,0.49,23.0
16118,6772,0.26,0.49,23.0
16119,6773,0.27,0.49,21.999999999999996
16122,6774,0.27,0.49,21.999999999999996
16124,6775,0.27,0.49,21.999999999999996
16127,6776,0.26,0.49,23.0
16128,6777,0.27,0.49,21.999999999999996
16129,6778,0.28,0.49,20.999999999999996
16179,6801,0.28,0.49,20.999999999999996
16181,6802,0.28,0.49,20.999999999999996
16182,6803,0.27,0.49,21.999999999999996
16186,6804,0.28,0.49,20.999999999999996
16190,6806,0.28,0.49,20.999999999999996
16191,6807,0.28,0.49,20.999999999999996
16192,6808,0.28,0.49,20.999999999999996
16196,6809,0.28,0.49,20.999999999999996
16201,6810,0.28,0.49,20.999999999999996
16307,6862,0.28,0.49,20.999999999999996
16309,6863,0.28,0.49,20.999999999999996
16313,6864,0.27,0.49,21.999999999999996
16317,6865,0.27,0.49,21.999999999999996
16320,6866,0.27,0.49,21.999999999999996
16322,6867,0.27,0.49,21.999999999999996
16324,6868,0.27,0.49,21.999999999999996
16326,6869,0.27,0.49,21.999999999999996
16328,6870,0.27,0.49,21.999999999999996
16330,6871,0.26,0.49,23.0
16331,6872,0.27,0.49,21.999999999999996
16333,6873,0.26,0.49,23.0
16336,6874,0.26,0.49,23.0
16337,6875,0.26,0.49,23.0
16341,6876,0.27,0.49,21.999999999999996
16343,6877,0.27,0.49,21.999999999999996
16345,6878,0.26,0.49,23.0
16346,6879,0.26,0.49,23.0
16348,6880,0.26,0.49,23.0
16350,6881,0.27,0.49,21.999999999999996
16352,6882,0.27,0.49,21.999999999999996
16353,6883,0.27,0.49,21.999999999999996
16355,6884,0.27,0.49,21.999999999999996
16357,6885,0.28,0.49,20.999999999999996
16360,6886,0.28,0.49,20.999999999999996
16361,6887,0.28,0.49,20.999999999999996
16362,6888,0.28,0.49,20.999999999999996
16364,6889,0.28,0.49,20.999999999999996
16365,6890,0.27,0.49,21.999999999999996
16367,6891,0.28,0.49,20.999999999999996
16369,6892,0.28,0.49,20.999999999999996
16371,6893,0.28,0.49,20.999999999999996
16373,6894,0.28,0.49,20.999999999999996
16375,6895,0.27,0.49,21.999999999999996
16379,6896,0.28,0.49,20.999999999999996
16382,6897,0.28,0.49,20.999999999999996
17369,7331,0.28,0.49,20.999999999999996
21411,9156,0.35,0.55,20.000000000000007
21414,9157,0.35,0.55,20.000000000000007
21416,9158,0.35,0.55,20.000000000000007
21419,9159,0.34,0.55,21.000000000000004
21422,9160,0.35,0.55,20.000000000000007
21435,9167,0.35,0.55,20.000000000000007
21676,9272,0.35,0.55,20.000000000000007
21680,9273,0.34,0.55,21.000000000000004
21682,9274,0.34,0.55,21.000000000000004
21683,9275,0.34,0.55,21.000000000000004
21685,9276,0.35,0.55,20.000000000000007
21686,9277,0.34,0.55,21.000000000000004
21688,9278,0.33,0.55,22.000000000000004
21691,9279,0.34,0.55,21.000000000000004
21693,9280,0.34,0.55,21.000000000000004
21695,9281,0.34,0.55,21.000000000000004
21698,9282,0.35,0.55,20.000000000000007
21699,9283,0.35,0.55,20.000000000000007
21711,9287,0.35,0.55,20.000000000000007
21713,9288,0.35,0.55,20.000000000000007
21716,9290,0.35,0.55,20.000000000000007
21717,9291,0.35,0.55,20.000000000000007
21720,9293,0.35,0.55,20.000000000000007
21721,9294,0.35,0.55,20.000000000000007
21722,9295,0.35,0.55,20.000000000000007
21724,9296,0.35,0.55,20.000000000000007
21752,9308,0.35,0.55,20.000000000000007
23886,10315,0.36,0.56,20.000000000000007
23887,10316,0.36,0.56,20.000000000000007
23888,10317,0.35,0.56,21.000000000000007
23890,10318,0.35,0.56,21.000000000000007
23893,10319,0.35,0.56,21.000000000000007
23895,10320,0.35,0.56,21.000000000000007
23898,10321,0.35,0.56,21.000000000000007
23899,10322,0.36,0.56,20.000000000000007
23901,10323,0.36,0.56,20.000000000000007
23903,10324,0.36,0.56,20.000000000000007
23907,10325,0.35,0.56,21.000000000000007
23909,10326,0.34,0.56,22.000000000000004
23912,10327,0.34,0.56,22.000000000000004
23918,10328,0.33,0.56,23.000000000000004
23919,10329,0.33,0.56,23.000000000000004
23920,10330,0.34,0.56,22.000000000000004
23922,10331,0.34,0.56,22.000000000000004
23925,10332,0.33,0.56,23.000000000000004
23928,10333,0.33,0.56,23.000000000000004
23929,10334,0.32,0.56,24.000000000000004
23932,10335,0.33,0.56,23.000000000000004
23934,10336,0.34,0.56,22.000000000000004
23936,10337,0.34,0.56,22.000000000000004
23937,10338,0.35,0.56,21.000000000000007
23942,10339,0.35,0.56,21.000000000000007
23943,10340,0.36,0.56,20.000000000000007
23955,10346,0.36,0.56,20.000000000000007
26296,11443,0.42,0.63,21.000000000000004
26316,11453,0.42,0.63,21.000000000000004
26318,11454,0.41,0.63,22.000000000000004
26319,11455,0.41,0.63,22.000000000000004
26320,11456,0.42,0.63,21.000000000000004
26323,11457,0.42,0.63,21.000000000000004
26326,11458,0.42,0.63,21.000000000000004
26327,11459,0.42,0.63,21.000000000000004
26330,11460,0.42,0.63,21.000000000000004
26331,11461,0.42,0.63,21.000000000000004
26332,11462,0.42,0.63,21.000000000000004
26335,11463,0.42,0.63,21.000000000000004
26388,11486,0.42,0.63,21.000000000000004
26392,11487,0.41,0.63,22.000000000000004
26395,11488,0.41,0.63,22.000000000000004
26399,11489,0.42,0.63,21.000000000000004
26401,11490,0.42,0.63,21.000000000000004
27526,12039,0.44,0.65,21.000000000000004
27527,12040,0.43,0.65,22.000000000000004
27528,12041,0.43,0.65,22.000000000000004
27531,12042,0.43,0.65,22.000000000000004
27532,12043,0.44,0.65,21.000000000000004
29098,12770,0.44,0.65,21.000000000000004
29099,12771,0.44,0.65,21.000000000000004
29107,12774,0.44,0.65,21.000000000000004
29108,12775,0.44,0.65,21.000000000000004
29157,12800,0.44,0.65,21.000000000000004
29162,12801,0.43,0.65,22.000000000000004
29164,12802,0.42,0.65,23.000000000000004
29165,12803,0.42,0.65,23.000000000000004
29166,12804,0.43,0.65,22.000000000000004
29167,12805,0.43,0.65,22.000000000000004
29168,12806,0.43,0.65,22.000000000000004
29170,12807,0.43,0.65,22.000000000000004
29173,12808,0.43,0.65,22.000000000000004
29178,12809,0.44,0.65,21.000000000000004
29180,12810,0.44,0.65,21.000000000000004
29181,12811,0.44,0.65,21.000000000000004
29182,12812,0.44,0.65,21.000000000000004
29199,12821,0.44,0.65,21.000000000000004
29201,12822,0.44,0.65,21.000000000000004
29202,12823,0.43,0.65,22.000000000000004
29206,12824,0.43,0.65,22.000000000000004
29207,12825,0.44,0.65,21.000000000000004
29210,12826,0.44,0.65,21.000000000000004
29211,12827,0.44,0.65,21.000000000000004
29214,12829,0.44,0.65,21.000000000000004
29215,12830,0.43,0.65,22.000000000000004
29217,12831,0.44,0.65,21.000000000000004
29563,12998,0.44,0.65,21.000000000000004
29566,12999,0.43,0.65,22.000000000000004
29570,13000,0.42,0.65,23.000000000000004
29571,13001,0.42,0.65,23.000000000000004
29574,13002,0.43,0.65,22.000000000000004
29576,13003,0.43,0.65,22.000000000000004
29579,13004,0.43,0.65,22.000000000000004
29582,13005,0.42,0.65,23.000000000000004
29585,13006,0.42,0.65,23.000000000000004
29587,13007,0.42,0.65,23.000000000000004
29589,13008,0.42,0.65,23.000000000000004
29591,13009,0.41,0.65,24.000000000000004
29592,13010,0.41,0.65,24.000000000000004
29596,13011,0.42,0.65,23.000000000000004
29597,13012,0.42,0.65,23.000000000000004
29599,13013,0.43,0.65,22.000000000000004
29601,13014,0.44,0.65,21.000000000000004
29603,13015,0.44,0.65,21.000000000000004
29605,13016,0.43,0.65,22.000000000000004
29606,13017,0.43,0.65,22.000000000000004
29608,13018,0.44,0.65,21.000000000000004
29612,13020,0.44,0.65,21.000000000000004
29614,13021,0.44,0.65,21.000000000000004
31286,13829,0.44,0.65,21.000000000000004
31288,13830,0.44,0.65,21.000000000000004
31290,13831,0.44,0.65,21.000000000000004
31292,13832,0.44,0.65,21.000000000000004
31295,13833,0.44,0.65,21.000000000000004
31296,13834,0.44,0.65,21.000000000000004
31305,13839,0.44,0.65,21.000000000000004
31307,13840,0.44,0.65,21.000000000000004
31309,13841,0.43,0.65,22.000000000000004
31312,13842,0.43,0.65,22.000000000000004
31314,13843,0.43,0.65,22.000000000000004
31316,13844,0.44,0.65,21.000000000000004
31328,13850,0.44,0.65,21.000000000000004
31330,13851,0.43,0.65,22.000000000000004
31331,13852,0.44,0.65,21.000000000000004
31591,13976,0.44,0.65,21.000000000000004
32093,14222,0.44,0.65,21.000000000000004
32094,14223,0.44,0.65,21.000000000000004
32096,14224,0.44,0.65,21.000000000000004
32097,14225,0.44,0.65,21.000000000000004
32100,14226,0.44,0.65,21.000000000000004
32103,14227,0.44,0.65,21.000000000000004
32108,14229,0.44,0.65,21.000000000000004
32111,14230,0.44,0.65,21.000000000000004
32112,14231,0.43,0.65,22.000000000000004
32114,14232,0.43,0.65,22.000000000000004
32117,14233,0.44,0.65,21.000000000000004
32119,14234,0.43,0.65,22.000000000000004
32120,14235,0.43,0.65,22.000000000000004
32121,14236,0.43,0.65,22.000000000000004
32122,14237,0.43,0.65,22.000000000000004
32125,14238,0.44,0.65,21.000000000000004
32127,14239,0.44,0.65,21.000000000000004
32129,14240,0.44,0.65,21.000000000000004
32146,14249,0.44,0.65,21.000000000000004
32150,14251,0.44,0.65,21.000000000000004
32156,14253,0.44,0.65,21.000000000000004
32158,14254,0.43,0.65,22.000000000000004
32160,14255,0.44,0.65,21.000000000000004
32165,14256,0.44,0.65,21.000000000000004
35506,15871,0.48,0.69,20.999999999999996
35510,15872,0.48,0.69,20.999999999999996
36480,16353,0.48,0.69,20.999999999999996
36482,16354,0.48,0.69,20.999999999999996
36485,16355,0.48,0.69,20.999999999999996
36500,16363,0.48,0.69,20.999999999999996
36502,16364,0.48,0.69,20.999999999999996
36505,16365,0.47,0.69,21.999999999999996
36507,16366,0.48,0.69,20.999999999999996
36521,16372,0.48,0.69,20.999999999999996
36523,16373,0.47,0.69,21.999999999999996
36526,16374,0.46,0.69,22.999999999999993
36529,16375,0.47,0.69,21.999999999999996
36530,16376,0.47,0.69,21.999999999999996
36532,16377,0.47,0.69,21.999999999999996
36536,16378,0.48,0.69,20.999999999999996
36557,16389,0.48,0.69,20.999999999999996
37307,16781,0.48,0.69,20.999999999999996
37309,16782,0.48,0.69,20.999999999999996
37311,16783,0.47,0.69,21.999999999999996
37312,16784,0.47,0.69,21.999999999999996
37315,16785,0.47,0.69,21.999999999999996
37317,16786,0.47,0.69,21.999999999999996
37318,16787,0.48,0.69,20.999999999999996
37319,16788,0.48,0.69,20.999999999999996
38446,17346,0.54,0.75,20.999999999999996
38447,17347,0.54,0.75,20.999999999999996
38448,17348,0.54,0.75,20.999999999999996
38449,17349,0.54,0.75,20.999999999999996
38456,17351,0.54,0.75,20.999999999999996
38460,17352,0.54,0.75,20.999999999999996
38463,17354,0.54,0.75,20.999999999999996
38472,17358,0.54,0.75,20.999999999999996
38483,17362,0.54,0.75,20.999999999999996
38485,17363,0.54,0.75,20.999999999999996
38488,17364,0.54,0.75,20.999999999999996
38924,17584,0.54,0.75,20.999999999999996
38928,17585,0.54,0.75,20.999999999999996
38932,17586,0.54,0.75,20.999999999999996
38938,17588,0.54,0.75,20.999999999999996
38942,17589,0.54,0.75,20.999999999999996
38944,17590,0.54,0.75,20.999999999999996
38946,17591,0.53,0.75,21.999999999999996
38947,17592,0.52,0.75,23.0
38949,17593,0.53,0.75,21.999999999999996
38950,17594,0.53,0.75,21.999999999999996
38951,17595,0.53,0.75,21.999999999999996
38953,17596,0.52,0.75,23.0
38955,17597,0.53,0.75,21.999999999999996
38958,17598,0.52,0.75,23.0
38960,17599,0.53,0.75,21.999999999999996
38962,17600,0.53,0.75,21.999999999999996
38964,17601,0.54,0.75,20.999999999999996
38967,17602,0.53,0.75,21.999999999999996
38970,17603,0.54,0.75,20.999999999999996
38977,17605,0.54,0.75,20.999999999999996
38978,17606,0.53,0.75,21.999999999999996
38979,17607,0.53,0.75,21.999999999999996
38981,17608,0.54,0.75,20.999999999999996
38982,17609,0.54,0.75,20.999999999999996
38983,17610,0.53,0.75,21.999999999999996
38985,17611,0.52,0.75,23.0
38988,17612,0.52,0.75,23.0
38989,17613,0.53,0.75,21.999999999999996
38993,17614,0.53,0.75,21.999999999999996
38996,17615,0.53,0.75,21.999999999999996
38997,17616,0.54,0.75,20.999999999999996
39000,17617,0.54,0.75,20.999999999999996
39003,17618,0.53,0.75,21.999999999999996
39005,17619,0.53,0.75,21.999999999999996
39007,17620,0.53,0.75,21.999999999999996
39008,17621,0.53,0.75,21.999999999999996
39011,17622,0.53,0.75,21.999999999999996
39013,17623,0.53,0.75,21.999999999999996
39015,17624,0.54,0.75,20.999999999999996
39031,17633,0.54,0.75,20.999999999999996
39033,17634,0.54,0.75,20.999999999999996
39034,17635,0.54,0.75,20.999999999999996
39036,17636,0.54,0.75,20.999999999999996
39038,17637,0.53,0.75,21.999999999999996
39042,17638,0.52,0.75,23.0
39043,17639,0.52,0.75,23.0
39046,17640,0.53,0.75,21.999999999999996
39049,17641,0.54,0.75,20.999999999999996
39054,17642,0.54,0.75,20.999999999999996
39056,17643,0.53,0.75,21.999999999999996
39059,17644,0.54,0.75,20.999999999999996
39062,17645,0.53,0.75,21.999999999999996
39064,17646,0.53,0.75,21.999999999999996
39066,17647,0.53,0.75,21.999999999999996
39067,17648,0.52,0.75,23.0
39068,17649,0.52,0.75,23.0
39070,17650,0.52,0.75,23.0
39072,17651,0.52,0.75,23.0
39075,17652,0.53,0.75,21.999999999999996
39077,17653,0.54,0.75,20.999999999999996
39083,17655,0.54,0.75,20.999999999999996
39093,17659,0.54,0.75,20.999999999999996
39094,17660,0.54,0.75,20.999999999999996
39097,17661,0.54,0.75,20.999999999999996
39098,17662,0.54,0.75,20.999999999999996
39099,17663,0.54,0.75,20.999999999999996
39100,17664,0.54,0.75,20.999999999999996
39103,17665,0.54,0.75,20.999999999999996
39105,17666,0.53,0.75,21.999999999999996
39106,17667,0.54,0.75,20.999999999999996
39107,17668,0.54,0.75,20.999999999999996
39109,17669,0.54,0.75,20.999999999999996
39112,17670,0.54,0.75,20.999999999999996
39116,17671,0.54,0.75,20.999999999999996
39117,17672,0.54,0.75,20.999999999999996
39516,17854,0.54,0.75,20.999999999999996
39524,17857,0.54,0.75,20.999999999999996
39525,17858,0.54,0.75,20.999999999999996
39527,17859,0.54,0.75,20.999999999999996
39533,17862,0.54,0.75,20.999999999999996
39535,17863,0.53,0.75,21.999999999999996
39537,17864,0.53,0.75,21.999999999999996
39539,17865,0.54,0.75,20.999999999999996
39649,17917,0.54,0.75,20.999999999999996
39650,17918,0.54,0.75,20.999999999999996
39651,17919,0.54,0.75,20.999999999999996
39653,17920,0.54,0.75,20.999999999999996
39828,18009,0.54,0.75,20.999999999999996
39832,18010,0.54,0.75,20.999999999999996
41579,18874,0.54,0.75,20.999999999999996
41582,18875,0.53,0.75,21.999999999999996
41584,18876,0.54,0.75,20.999999999999996
41585,18877,0.54,0.75,20.999999999999996
41588,18878,0.54,0.75,20.999999999999996
41713,18937,0.54,0.75,20.999999999999996
41765,18961,0.54,0.75,20.999999999999996
41767,18962,0.53,0.75,21.999999999999996
41770,18963,0.53,0.75,21.999999999999996
41772,18964,0.54,0.75,20.999999999999996
41773,18965,0.54,0.75,20.999999999999996
41775,18966,0.54,0.75,20.999999999999996
42695,19420,0.54,0.75,20.999999999999996
42696,19421,0.54,0.75,20.999999999999996
42701,19424,0.54,0.75,20.999999999999996
42706,19427,0.54,0.75,20.999999999999996
42707,19428,0.54,0.75,20.999999999999996
42709,19429,0.54,0.75,20.999999999999996
42712,19430,0.54,0.75,20.999999999999996
42714,19431,0.54,0.75,20.999999999999996
42879,19512,0.54,0.75,20.999999999999996
42880,19513,0.53,0.75,21.999999999999996
42881,19514,0.54,0.75,20.999999999999996
42962,19551,0.54,0.75,20.999999999999996
42963,19552,0.54,0.75,20.999999999999996
42968,19554,0.54,0.75,20.999999999999996
42969,19555,0.54,0.75,20.999999999999996
42970,19556,0.53,0.75,21.999999999999996
42972,19557,0.53,0.75,21.999999999999996
42973,19558,0.53,0.75,21.999999999999996
42977,19559,0.54,0.75,20.999999999999996
42979,19561,0.54,0.75,20.999999999999996
42983,19562,0.54,0.75,20.999999999999996
42988,19563,0.54,0.75,20.999999999999996
42991,19564,0.54,0.75,20.999999999999996
42994,19565,0.54,0.75,20.999999999999996
42996,19566,0.54,0.75,20.999999999999996
42999,19567,0.54,0.75,20.999999999999996
43002,19568,0.54,0.75,20.999999999999996
43003,19569,0.53,0.75,21.999999999999996
43005,19570,0.54,0.75,20.999999999999996
43006,19571,0.54,0.75,20.999999999999996
43007,19572,0.54,0.75,20.999999999999996
43034,19585,0.54,0.75,20.999999999999996
43035,19586,0.53,0.75,21.999999999999996
43037,19587,0.53,0.75,21.999999999999996
43038,19588,0.53,0.75,21.999999999999996
43039,19589,0.52,0.75,23.0
43040,19590,0.52,0.75,23.0
43041,19591,0.52,0.75,23.0
43044,19592,0.53,0.75,21.999999999999996
43046,19593,0.53,0.75,21.999999999999996
43047,19594,0.53,0.75,21.999999999999996
43048,19595,0.54,0.75,20.999999999999996
43049,19596,0.53,0.75,21.999999999999996
43052,19597,0.52,0.75,23.0
43053,19598,0.52,0.75,23.0
43058,19599,0.52,0.75,23.0
43060,19600,0.51,0.75,24.0
43061,19601,0.51,0.75,24.0
43064,19602,0.51,0.75,24.0
43065,19603,0.52,0.75,23.0
43066,19604,0.52,0.75,23.0
43067,19605,0.52,0.75,23.0
43071,19606,0.53,0.75,21.999999999999996
43072,19607,0.53,0.75,21.999999999999996
43073,19608,0.52,0.75,23.0
43075,19609,0.52,0.75,23.0
43076,19610,0.52,0.75,23.0
43079,19611,0.53,0.75,21.999999999999996
43080,19612,0.53,0.75,21.999999999999996
43081,19613,0.53,0.75,21.999999999999996
43083,19614,0.53,0.75,21.999999999999996
43085,19615,0.53,0.75,21.999999999999996
43086,19616,0.52,0.75,23.0
43087,19617,0.51,0.75,24.0
43091,19618,0.51,0.75,24.0
43095,19619,0.5,0.75,25.0
43097,19620,0.49,0.75,26.0
43098,19621,0.48,0.75,27.0
43100,19622,0.48,0.75,27.0
43102,19623,0.48,0.75,27.0
43103,19624,0.49,0.75,26.0
43104,19625,0.49,0.75,26.0
43105,19626,0.5,0.75,25.0
43109,19627,0.51,0.75,24.0
43111,19628,0.52,0.75,23.0
43113,19629,0.52,0.75,23.0
43114,19630,0.52,0.75,23.0
43120,19631,0.53,0.75,21.999999999999996
43123,19632,0.53,0.75,21.999999999999996
43125,19633,0.54,0.75,20.999999999999996
43127,19634,0.54,0.75,20.999999999999996
44993,20582,0.54,0.75,20.999999999999996
44994,20583,0.53,0.75,21.999999999999996
44995,20584,0.54,0.75,20.999999999999996
44996,20585,0.53,0.75,21.999999999999996
44997,20586,0.52,0.75,23.0
44999,20587,0.53,0.75,21.999999999999996
45000,20588,0.53,0.75,21.999999999999996
45003,20589,0.54,0.75,20.999999999999996
45007,20590,0.54,0.75,20.999999999999996
45008,20591,0.54,0.75,20.999999999999996
45063,20614,0.54,0.75,20.999999999999996
45065,20615,0.54,0.75,20.999999999999996
45067,20616,0.53,0.75,21.999999999999996
45068,20617,0.52,0.75,23.0
45069,20618,0.52,0.75,23.0
45072,20619,0.52,0.75,23.0
45073,20620,0.53,0.75,21.999999999999996
45075,20621,0.53,0.75,21.999999999999996
45078,20622,0.54,0.75,20.999999999999996
45080,20623,0.54,0.75,20.999999999999996
46052,21104,0.57,0.77,20.000000000000007
46055,21105,0.57,0.77,20.000000000000007
46056,21106,0.57,0.77,20.000000000000007
46681,21425,0.57,0.77,20.000000000000007
46684,21426,0.57,0.77,20.000000000000007
46699,21435,0.57,0.77,20.000000000000007
46701,21436,0.57,0.77,20.000000000000007
46704,21437,0.56,0.77,20.999999999999996
46707,21438,0.55,0.77,21.999999999999996
46710,21439,0.54,0.77,23.0
46712,21440,0.53,0.77,24.0
46716,21441,0.54,0.77,23.0
46717,21442,0.55,0.77,21.999999999999996
46720,21443,0.55,0.77,21.999999999999996
46721,21444,0.54,0.77,23.0
46725,21445,0.53,0.77,24.0
46726,21446,0.53,0.77,24.0
46729,21447,0.54,0.77,23.0
46733,21448,0.54,0.77,23.0
46734,21449,0.55,0.77,21.999999999999996
46737,21450,0.55,0.77,21.999999999999996
46738,21451,0.55,0.77,21.999999999999996
46740,21452,0.54,0.77,23.0
46742,21453,0.54,0.77,23.0
46745,21454,0.55,0.77,21.999999999999996
46746,21455,0.55,0.77,21.999999999999996
46747,21456,0.55,0.77,21.999999999999996
46748,21457,0.55,0.77,21.999999999999996
46750,21458,0.54,0.77,23.0
46752,21459,0.55,0.77,21.999999999999996
46754,21460,0.54,0.77,23.0
46755,21461,0.53,0.77,24.0
46756,21462,0.53,0.77,24.0
46757,21463,0.53,0.77,24.0
46758,21464,0.52,0.77,25.0
46759,21465,0.51,0.77,26.0
46760,21466,0.51,0.77,26.0
46763,21467,0.5,0.77,27.0
46765,21468,0.51,0.77,26.0
46766,21469,0.52,0.77,25.0
46770,21470,0.52,0.77,25.0
46773,21471,0.52,0.77,25.0
46776,21472,0.52,0.77,25.0
46777,21473,0.52,0.77,25.0
46778,21474,0.52,0.77,25.0
46781,21475,0.52,0.77,25.0
46782,21476,0.53,0.77,24.0
46783,21477,0.54,0.77,23.0
46786,21478,0.54,0.77,23.0
46788,21479,0.54,0.77,23.0
46790,21480,0.53,0.77,24.0
46792,21481,0.52,0.77,25.0
46793,21482,0.53,0.77,24.0
46794,21483,0.52,0.77,25.0
46796,21484,0.53,0.77,24.0
46799,21485,0.53,0.77,24.0
46801,21486,0.52,0.77,25.0
46804,21487,0.52,0.77,25.0
46807,21488,0.53,0.77,24.0
46808,21489,0.53,0.77,24.0
46811,21490,0.54,0.77,23.0
46813,21491,0.53,0.77,24.0
46815,21492,0.52,0.77,25.0
46816,21493,0.52,0.77,25.0
46817,21494,0.51,0.77,26.0
46820,21495,0.52,0.77,25.0
46824,21496,0.53,0.77,24.0
46828,21497,0.54,0.77,23.0
46830,21498,0.54,0.77,23.0
46833,21499,0.55,0.77,21.999999999999996
46834,21500,0.55,0.77,21.999999999999996
46837,21501,0.56,0.77,20.999999999999996
46841,21502,0.56,0.77,20.999999999999996
46845,21503,0.56,0.77,20.999999999999996
46846,21504,0.57,0.77,20.000000000000007
46849,21505,0.57,0.77,20.000000000000007
46857,21507,0.57,0.77,20.000000000000007
46859,21508,0.57,0.77,20.000000000000007
46860,21509,0.57,0.77,20.000000000000007
46862,21510,0.57,0.77,20.000000000000007
47403,21775,0.57,0.77,20.000000000000007
47405,21776,0.57,0.77,20.000000000000007
47413,21780,0.57,0.77,20.000000000000007
47415,21781,0.57,0.77,20.000000000000007
47416,21782,0.56,0.77,20.999999999999996
47417,21783,0.55,0.77,21.999999999999996
47420,21784,0.55,0.77,21.999999999999996
47424,21785,0.55,0.77,21.999999999999996
47426,21786,0.55,0.77,21.999999999999996
47427,21787,0.54,0.77,23.0
47430,21788,0.55,0.77,21.999999999999996
47431,21789,0.54,0.77,23.0
47432,21790,0.53,0.77,24.0
47434,21791,0.54,0.77,23.0
47438,21792,0.54,0.77,23.0
47441,21793,0.55,0.77,21.999999999999996
47443,21794,0.55,0.77,21.999999999999996
47444,21795,0.54,0.77,23.0
47447,21796,0.54,0.77,23.0
47448,21797,0.54,0.77,23.0
47449,21798,0.53,0.77,24.0
47452,21799,0.53,0.77,24.0
47454,21800,0.54,0.77,23.0
47457,21801,0.54,0.77,23.0
47460,21802,0.54,0.77,23.0
47463,21803,0.53,0.77,24.0
47464,21804,0.53,0.77,24.0
47465,21805,0.53,0.77,24.0
47466,21806,0.52,0.77,25.0
47468,21807,0.51,0.77,26.0
47469,21808,0.5,0.77,27.0
47471,21809,0.49,0.77,28.000000000000004
47472,21810,0.48,0.77,29.000000000000004
47473,21811,0.47,0.77,30.000000000000004
47475,21812,0.46,0.77,31.0
47479,21813,0.46,0.77,31.0
47481,21814,0.46,0.77,31.0
47484,21815,0.47,0.77,30.000000000000004
47487,21816,0.47,0.77,30.000000000000004
47489,21817,0.47,0.77,30.000000000000004
47490,21818,0.47,0.77,30.000000000000004
47491,21819,0.47,0.77,30.000000000000004
47493,21820,0.47,0.77,30.000000000000004
47496,21821,0.47,0.77,30.000000000000004
47499,21822,0.47,0.77,30.000000000000004
47503,21823,0.47,0.77,30.000000000000004
47504,21824,0.47,0.77,30.000000000000004
47506,21825,0.48,0.77,29.000000000000004
47508,21826,0.48,0.77,29.000000000000004
47509,21827,0.48,0.77,29.000000000000004
47510,21828,0.49,0.77,28.000000000000004
47513,21829,0.5,0.77,27.0
47515,21830,0.51,0.77,26.0
47517,21831,0.5,0.77,27.0
47519,21832,0.51,0.77,26.0
47523,21833,0.51,0.77,26.0
47524,21834,0.51,0.77,26.0
47525,21835,0.5,0.77,27.0
47526,21836,0.51,0.77,26.0
47529,21837,0.52,0.77,25.0
47530,21838,0.51,0.77,26.0
47533,21839,0.51,0.77,26.0
47536,21840,0.52,0.77,25.0
47538,21841,0.52,0.77,25.0
47539,21842,0.51,0.77,26.0
47542,21843,0.51,0.77,26.0
47543,21844,0.51,0.77,26.0
47545,21845,0.5,0.77,27.0
47547,21846,0.5,0.77,27.0
47548,21847,0.5,0.77,27.0
47550,21848,0.51,0.77,26.0
47552,21849,0.52,0.77,25.0
47555,21850,0.52,0.77,25.0
47557,21851,0.51,0.77,26.0
47558,21852,0.52,0.77,25.0
47559,21853,0.51,0.77,26.0
47562,21854,0.52,0.77,25.0
47565,21855,0.51,0.77,26.0
47566,21856,0.52,0.77,25.0
47567,21857,0.53,0.77,24.0
47569,21858,0.53,0.77,24.0
47573,21859,0.52,0.77,25.0
47575,21860,0.52,0.77,25.0
47577,21861,0.52,0.77,25.0
47579,21862,0.53,0.77,24.0
47580,21863,0.53,0.77,24.0
47581,21864,0.54,0.77,23.0
47583,21865,0.55,0.77,21.999999999999996
47585,21866,0.55,0.77,21.999999999999996
47586,21867,0.56,0.77,20.999999999999996
47587,21868,0.57,0.77,20.000000000000007
47590,21870,0.57,0.77,20.000000000000007
47594,21873,0.57,0.77,20.000000000000007
47596,21874,0.56,0.77,20.999999999999996
47600,21875,0.57,0.77,20.000000000000007
47603,21877,0.57,0.77,20.000000000000007
47606,21878,0.57,0.77,20.000000000000007
48176,22149,0.57,0.77,20.000000000000007
48178,22150,0.56,0.77,20.999999999999996
48180,22151,0.57,0.77,20.000000000000007
48185,22152,0.57,0.77,20.000000000000007
48202,22158,0.57,0.77,20.000000000000007
48204,22160,0.57,0.77,20.000000000000007
48209,22164,0.57,0.77,20.000000000000007
48212,22165,0.56,0.77,20.999999999999996
48214,22166,0.55,0.77,21.999999999999996
48217,22167,0.55,0.77,21.999999999999996
48218,22168,0.55,0.77,21.999999999999996
48221,22169,0.55,0.77,21.999999999999996
48223,22170,0.55,0.77,21.999999999999996
48224,22171,0.54,0.77,23.0
48227,22172,0.55,0.77,21.999999999999996
48228,22173,0.55,0.77,21.999999999999996
48231,22174,0.55,0.77,21.999999999999996
48232,22175,0.55,0.77,21.999999999999996
48233,22176,0.56,0.77,20.999999999999996
48236,22177,0.57,0.77,20.000000000000007
48242,22179,0.57,0.77,20.000000000000007
48246,22181,0.57,0.77,20.000000000000007
48247,22182,0.56,0.77,20.999999999999996
48248,22183,0.56,0.77,20.999999999999996
48250,22184,0.57,0.77,20.000000000000007
48251,22185,0.57,0.77,20.000000000000007
48286,22203,0.57,0.77,20.000000000000007
48287,22204,0.57,0.77,20.000000000000007
48288,22205,0.57,0.77,20.000000000000007
48289,22206,0.57,0.77,20.000000000000007
48443,22278,0.57,0.77,20.000000000000007
48457,22287,0.57,0.77,20.000000000000007
48458,22288,0.57,0.77,20.000000000000007
48459,22289,0.56,0.77,20.999999999999996
48461,22290,0.56,0.77,20.999999999999996
48463,22291,0.56,0.77,20.999999999999996
48465,22292,0.55,0.77,21.999999999999996
48466,22293,0.54,0.77,23.0
48467,22294,0.54,0.77,23.0
48468,22295,0.53,0.77,24.0
48469,22296,0.52,0.77,25.0
48470,22297,0.53,0.77,24.0
48472,22298,0.54,0.77,23.0
48473,22299,0.54,0.77,23.0
48475,22300,0.54,0.77,23.0
48477,22301,0.55,0.77,21.999999999999996
48479,22302,0.55,0.77,21.999999999999996
48482,22303,0.56,0.77,20.999999999999996
48486,22304,0.56,0.77,20.999999999999996
48489,22305,0.56,0.77,20.999999999999996
48492,22306,0.56,0.77,20.999999999999996
48493,22307,0.56,0.77,20.999999999999996
48494,22308,0.57,0.77,20.000000000000007
48495,22309,0.56,0.77,20.999999999999996
48497,22310,0.56,0.77,20.999999999999996
48499,22311,0.56,0.77,20.999999999999996
48501,22312,0.55,0.77,21.999999999999996
48503,22313,0.56,0.77,20.999999999999996
48504,22314,0.55,0.77,21.999999999999996
48505,22315,0.54,0.77,23.0
48507,22316,0.53,0.77,24.0
48508,22317,0.53,0.77,24.0
48509,22318,0.53,0.77,24.0
48512,22319,0.53,0.77,24.0
48513,22320,0.52,0.77,25.0
48514,22321,0.53,0.77,24.0
48515,22322,0.53,0.77,24.0
48518,22323,0.54,0.77,23.0
48521,22324,0.54,0.77,23.0
48525,22325,0.54,0.77,23.0
48527,22326,0.54,0.77,23.0
48529,22327,0.54,0.77,23.0
48530,22328,0.55,0.77,21.999999999999996
48533,22329,0.56,0.77,20.999999999999996
48534,22330,0.55,0.77,21.999999999999996
48536,22331,0.55,0.77,21.999999999999996
48537,22332,0.54,0.77,23.0
48539,22333,0.55,0.77,21.999999999999996
48542,22334,0.55,0.77,21.999999999999996
48545,22335,0.55,0.77,21.999999999999996
48548,22336,0.54,0.77,23.0
48550,22337,0.54,0.77,23.0
48551,22338,0.54,0.77,23.0
48552,22339,0.54,0.77,23.0
48554,22340,0.54,0.77,23.0
48557,22341,0.54,0.77,23.0
48558,22342,0.55,0.77,21.999999999999996
48560,22343,0.56,0.77,20.999999999999996
48561,22344,0.57,0.77,20.000000000000007
48564,22345,0.57,0.77,20.000000000000007
48566,22346,0.57,0.77,20.000000000000007
48567,22347,0.57,0.77,20.000000000000007
48570,22349,0.57,0.77,20.000000000000007
48572,22350,0.56,0.77,20.999999999999996
48574,22351,0.57,0.77,20.000000000000007
48591,22361,0.57,0.77,20.000000000000007
48595,22364,0.57,0.77,20.000000000000007
48598,22365,0.57,0.77,20.000000000000007
48603,22367,0.57,0.77,20.000000000000007
48605,22368,0.57,0.77,20.000000000000007
49528,22809,0.58,0.78,20.000000000000007
49529,22810,0.57,0.78,21.000000000000007
49530,22811,0.56,0.78,21.999999999999996
49533,22812,0.57,0.78,21.000000000000007
49534,22813,0.57,0.78,21.000000000000007
49536,22814,0.57,0.78,21.000000000000007
49538,22815,0.58,0.78,20.000000000000007
49540,22816,0.58,0.78,20.000000000000007
49560,22827,0.58,0.78,20.000000000000007
49562,22828,0.57,0.78,21.000000000000007
49564,22829,0.57,0.78,21.000000000000007
49567,22830,0.57,0.78,21.000000000000007
49569,22831,0.57,0.78,21.000000000000007
49570,22832,0.57,0.78,21.000000000000007
49571,22833,0.57,0.78,21.000000000000007
49573,22834,0.57,0.78,21.000000000000007
49576,22835,0.58,0.78,20.000000000000007
49582,22838,0.58,0.78,20.000000000000007
49586,22839,0.58,0.78,20.000000000000007
49587,22840,0.58,0.78,20.000000000000007
49591,22841,0.58,0.78,20.000000000000007
49592,22842,0.58,0.78,20.000000000000007
49649,22871,0.58,0.78,20.000000000000007
49651,22872,0.58,0.78,20.000000000000007
49652,22873,0.57,0.78,21.000000000000007
49655,22874,0.56,0.78,21.999999999999996
49657,22875,0.56,0.78,21.999999999999996
49659,22876,0.55,0.78,23.0
49661,22877,0.55,0.78,23.0
49662,22878,0.56,0.78,21.999999999999996
49663,22879,0.55,0.78,23.0
49665,22880,0.55,0.78,23.0
49666,22881,0.54,0.78,24.0
49667,22882,0.54,0.78,24.0
49668,22883,0.54,0.78,24.0
49669,22884,0.55,0.78,23.0
49670,22885,0.54,0.78,24.0
49673,22886,0.54,0.78,24.0
49676,22887,0.54,0.78,24.0
49680,22888,0.53,0.78,25.0
49682,22889,0.54,0.78,24.0
49683,22890,0.55,0.78,23.0
49685,22891,0.55,0.78,23.0
49686,22892,0.54,0.78,24.0
49687,22893,0.55,0.78,23.0
49689,22894,0.55,0.78,23.0
49691,22895,0.56,0.78,21.999999999999996
49692,22896,0.56,0.78,21.999999999999996
49694,22897,0.57,0.78,21.000000000000007
49696,22898,0.57,0.78,21.000000000000007
49697,22899,0.58,0.78,20.000000000000007
50992,23547,0.58,0.78,20.000000000000007
50994,23548,0.57,0.78,21.000000000000007
50997,23549,0.58,0.78,20.000000000000007
50999,23550,0.58,0.78,20.000000000000007
51005,23552,0.58,0.78,20.000000000000007
51007,23553,0.57,0.78,21.000000000000007
51011,23554,0.58,0.78,20.000000000000007
51013,23555,0.58,0.78,20.000000000000007
51014,23556,0.58,0.78,20.000000000000007
51306,23707,0.58,0.78,20.000000000000007
51308,23708,0.58,0.78,20.000000000000007
51309,23709,0.57,0.78,21.000000000000007
51310,23710,0.56,0.78,21.999999999999996
51311,23711,0.56,0.78,21.999999999999996
51313,23712,0.55,0.78,23.0
51314,23713,0.56,0.78,21.999999999999996
51315,23714,0.57,0.78,21.000000000000007
51319,23715,0.57,0.78,21.000000000000007
51321,23716,0.56,0.78,21.999999999999996
51322,23717,0.56,0.78,21.999999999999996
51325,23718,0.55,0.78,23.0
51327,23719,0.54,0.78,24.0
51328,23720,0.55,0.78,23.0
51332,23721,0.55,0.78,23.0
51333,23722,0.55,0.78,23.0
51337,23723,0.55,0.78,23.0
51338,23724,0.55,0.78,23.0
51339,23725,0.56,0.78,21.999999999999996
51340,23726,0.56,0.78,21.999999999999996
51341,23727,0.55,0.78,23.0
51343,23728,0.55,0.78,23.0
51345,23729,0.55,0.78,23.0
51348,23730,0.56,0.78,21.999999999999996
51351,23731,0.56,0.78,21.999999999999996
51352,23732,0.55,0.78,23.0
51353,23733,0.55,0.78,23.0
51354,23734,0.55,0.78,23.0
51356,23735,0.55,0.78,23.0
51358,23736,0.55,0.78,23.0
51359,23737,0.54,0.78,24.0
51360,23738,0.55,0.78,23.0
51362,23739,0.55,0.78,23.0
51366,23740,0.56,0.78,21.999999999999996
51368,23741,0.56,0.78,21.999999999999996
51370,23742,0.55,0.78,23.0
51373,23743,0.55,0.78,23.0
51376,23744,0.56,0.78,21.999999999999996
51379,23745,0.56,0.78,21.999999999999996
51382,23746,0.56,0.78,21.999999999999996
51383,23747,0.57,0.78,21.000000000000007
51385,23748,0.56,0.78,21.999999999999996
51386,23749,0.57,0.78,21.000000000000007
51389,23750,0.57,0.78,21.000000000000007
51392,23751,0.58,0.78,20.000000000000007
51397,23752,0.57,0.78,21.000000000000007
51400,23753,0.56,0.78,21.999999999999996
51401,23754,0.57,0.78,21.000000000000007
51402,23755,0.57,0.78,21.000000000000007
51403,23756,0.57,0.78,21.000000000000007
51406,23757,0.58,0.78,20.000000000000007
51408,23758,0.58,0.78,20.000000000000007
51409,23759,0.58,0.78,20.000000000000007
51410,23760,0.58,0.78,20.000000000000007
52083,24084,0.58,0.78,20.000000000000007
52084,24085,0.58,0.78,20.000000000000007
52085,24086,0.58,0.78,20.000000000000007
52086,24087,0.58,0.78,20.000000000000007
52090,24089,0.58,0.78,20.000000000000007
52091,24090,0.58,0.78,20.000000000000007
52094,24093,0.58,0.78,20.000000000000007
52099,24095,0.58,0.78,20.000000000000007
52100,24096,0.58,0.78,20.000000000000007
52101,24097,0.57,0.78,21.000000000000007
52104,24098,0.57,0.78,21.000000000000007
52105,24099,0.57,0.78,21.000000000000007
52106,24100,0.57,0.78,21.000000000000007
52108,24101,0.57,0.78,21.000000000000007
52110,24102,0.57,0.78,21.000000000000007
52111,24103,0.56,0.78,21.999999999999996
52116,24104,0.56,0.78,21.999999999999996
52120,24105,0.56,0.78,21.999999999999996
52122,24106,0.56,0.78,21.999999999999996
52124,24107,0.57,0.78,21.000000000000007
52127,24108,0.57,0.78,21.000000000000007
52131,24109,0.57,0.78,21.000000000000007
52132,24110,0.58,0.78,20.000000000000007
52135,24111,0.58,0.78,20.000000000000007
52136,24112,0.57,0.78,21.000000000000007
52137,24113,0.58,0.78,20.000000000000007
52139,24114,0.58,0.78,20.000000000000007
52144,24116,0.58,0.78,20.000000000000007
52202,24143,0.58,0.78,20.000000000000007
53059,24573,0.58,0.78,20.000000000000007
53061,24574,0.57,0.78,21.000000000000007
53064,24575,0.57,0.78,21.000000000000007
53066,24576,0.56,0.78,21.999999999999996
53067,24577,0.56,0.78,21.999999999999996
53070,24578,0.56,0.78,21.999999999999996
53072,24579,0.56,0.78,21.999999999999996
53074,24580,0.56,0.78,21.999999999999996
53075,24581,0.56,0.78,21.999999999999996
53078,24582,0.56,0.78,21.999999999999996
53080,24583,0.56,0.78,21.999999999999996
53082,24584,0.56,0.78,21.999999999999996
53083,24585,0.57,0.78,21.000000000000007
53085,24586,0.57,0.78,21.000000000000007
53089,24587,0.57,0.78,21.000000000000007
53093,24588,0.58,0.78,20.000000000000007
53094,24589,0.58,0.78,20.000000000000007
53095,24590,0.58,0.78,20.000000000000007
53098,24592,0.58,0.78,20.000000000000007
53099,24593,0.58,0.78,20.000000000000007
53101,24594,0.57,0.78,21.000000000000007
53103,24595,0.56,0.78,21.999999999999996
53104,24596,0.56,0.78,21.999999999999996
53106,24597,0.56,0.78,21.999999999999996
53107,24598,0.56,0.78,21.999999999999996
53109,24599,0.56,0.78,21.999999999999996
53113,24600,0.55,0.78,23.0
53116,24601,0.56,0.78,21.999999999999996
53119,24602,0.56,0.78,21.999999999999996
53122,24603,0.56,0.78,21.999999999999996
53124,24604,0.57,0.78,21.000000000000007
53127,24605,0.56,0.78,21.999999999999996
53130,24606,0.57,0.78,21.000000000000007
53131,24607,0.56,0.78,21.999999999999996
53132,24608,0.56,0.78,21.999999999999996
53133,24609,0.56,0.78,21.999999999999996
53136,24610,0.55,0.78,23.0
53139,24611,0.56,0.78,21.999999999999996
53140,24612,0.57,0.78,21.000000000000007
53141,24613,0.57,0.78,21.000000000000007
53144,24614,0.58,0.78,20.000000000000007
53147,24615,0.57,0.78,21.000000000000007
53150,24616,0.57,0.78,21.000000000000007
53152,24617,0.56,0.78,21.999999999999996
53153,24618,0.55,0.78,23.0
53154,24619,0.55,0.78,23.0
53155,24620,0.55,0.78,23.0
53157,24621,0.56,0.78,21.999999999999996
53158,24622,0.55,0.78,23.0
53160,24623,0.55,0.78,23.0
53161,24624,0.55,0.78,23.0
53164,24625,0.55,0.78,23.0
53166,24626,0.54,0.78,24.0
53169,24627,0.55,0.78,23.0
53170,24628,0.55,0.78,23.0
53171,24629,0.54,0.78,24.0
53173,24630,0.55,0.78,23.0
53175,24631,0.55,0.78,23.0
53178,24632,0.54,0.78,24.0
53181,24633,0.54,0.78,24.0
53182,24634,0.55,0.78,23.0
53185,24635,0.54,0.78,24.0
53186,24636,0.54,0.78,24.0
53188,24637,0.55,0.78,23.0
53189,24638,0.55,0.78,23.0
53190,24639,0.54,0.78,24.0
53193,24640,0.54,0.78,24.0
53197,24641,0.54,0.78,24.0
53200,24642,0.55,0.78,23.0
53202,24643,0.56,0.78,21.999999999999996
53203,24644,0.56,0.78,21.999999999999996
53205,24645,0.55,0.78,23.0
53208,24646,0.56,0.78,21.999999999999996
53210,24647,0.56,0.78,21.999999999999996
53211,24648,0.56,0.78,21.999999999999996
53212,24649,0.56,0.78,21.999999999999996
53214,24650,0.56,0.78,21.999999999999996
53216,24651,0.56,0.78,21.999999999999996
53219,24652,0.56,0.78,21.999999999999996
53220,24653,0.56,0.78,21.999999999999996
53223,24654,0.56,0.78,21.999999999999996
53225,24655,0.56,0.78,21.999999999999996
53226,24656,0.57,0.78,21.000000000000007
53227,24657,0.56,0.78,21.999999999999996
53229,24658,0.56,0.78,21.999999999999996
53230,24659,0.56,0.78,21.999999999999996
53231,24660,0.56,0.78,21.999999999999996
53232,24661,0.57,0.78,21.000000000000007
53234,24662,0.58,0.78,20.000000000000007
53236,24664,0.58,0.78,20.000000000000007
53240,24665,0.58,0.78,20.000000000000007
53242,24666,0.57,0.78,21.000000000000007
53244,24667,0.57,0.78,21.000000000000007
53245,24668,0.56,0.78,21.999999999999996
53246,24669,0.56,0.78,21.999999999999996
53247,24670,0.57,0.78,21.000000000000007
53249,24671,0.58,0.78,20.000000000000007
54734,25393,0.58,0.78,20.000000000000007
56964,26495,0.59,0.79,20.000000000000007
56978,26501,0.59,0.79,20.000000000000007
56988,26506,0.59,0.79,20.000000000000007
56990,26507,0.59,0.79,20.000000000000007
56997,26510,0.59,0.79,20.000000000000007
56999,26512,0.59,0.79,20.000000000000007
57002,26514,0.59,0.79,20.000000000000007
57004,26516,0.59,0.79,20.000000000000007
57006,26517,0.59,0.79,20.000000000000007
57008,26518,0.59,0.79,20.000000000000007
57011,26519,0.58,0.79,21.000000000000007
57015,26520,0.58,0.79,21.000000000000007
57017,26521,0.58,0.79,21.000000000000007
57019,26522,0.57,0.79,22.000000000000007
57022,26523,0.58,0.79,21.000000000000007
57026,26524,0.59,0.79,20.000000000000007
57028,26525,0.59,0.79,20.000000000000007
57031,26526,0.59,0.79,20.000000000000007
57038,26528,0.59,0.79,20.000000000000007
57392,26701,0.59,0.79,20.000000000000007
57394,26703,0.59,0.79,20.000000000000007
57409,26710,0.59,0.79,20.000000000000007
57410,26711,0.59,0.79,20.000000000000007
57411,26712,0.58,0.79,21.000000000000007
57413,26713,0.58,0.79,21.000000000000007
57417,26714,0.59,0.79,20.000000000000007
57419,26715,0.58,0.79,21.000000000000007
57420,26716,0.59,0.79,20.000000000000007
57423,26717,0.59,0.79,20.000000000000007
57430,26720,0.59,0.79,20.000000000000007
57439,26724,0.59,0.79,20.000000000000007
57443,26725,0.59,0.79,20.000000000000007
57445,26726,0.59,0.79,20.000000000000007
57446,26727,0.59,0.79,20.000000000000007
57448,26728,0.59,0.79,20.000000000000007
57450,26730,0.59,0.79,20.000000000000007
57453,26731,0.59,0.79,20.000000000000007
57454,26732,0.59,0.79,20.000000000000007
57455,26733,0.58,0.79,21.000000000000007
57456,26734,0.58,0.79,21.000000000000007
57457,26735,0.58,0.79,21.000000000000007
57461,26736,0.59,0.79,20.000000000000007
57463,26737,0.59,0.79,20.000000000000007
57468,26738,0.59,0.79,20.000000000000007
57472,26739,0.58,0.79,21.000000000000007
57474,26740,0.57,0.79,22.000000000000007
57476,26741,0.58,0.79,21.000000000000007
57478,26742,0.59,0.79,20.000000000000007
57913,26962,0.63,0.84,20.999999999999996
57916,26963,0.63,0.84,20.999999999999996
57919,26964,0.63,0.84,20.999999999999996
57921,26965,0.63,0.84,20.999999999999996
57923,26966,0.63,0.84,20.999999999999996
57924,26967,0.63,0.84,20.999999999999996
57926,26968,0.63,0.84,20.999999999999996
57928,26969,0.62,0.84,21.999999999999996
57931,26970,0.62,0.84,21.999999999999996
57933,26971,0.62,0.84,21.999999999999996
57935,26972,0.62,0.84,21.999999999999996
57939,26973,0.62,0.84,21.999999999999996
57941,26974,0.61,0.84,23.0
57944,26975,0.61,0.84,23.0
57945,26976,0.61,0.84,23.0
57946,26977,0.62,0.84,21.999999999999996
57947,26978,0.61,0.84,23.0
57948,26979,0.61,0.84,23.0
57949,26980,0.6,0.84,24.0
57952,26981,0.6,0.84,24.0
57954,26982,0.61,0.84,23.0
57955,26983,0.6,0.84,24.0
57957,26984,0.61,0.84,23.0
57960,26985,0.61,0.84,23.0
57962,26986,0.61,0.84,23.0
57963,26987,0.6,0.84,24.0
57964,26988,0.61,0.84,23.0
57966,26989,0.62,0.84,21.999999999999996
57969,26990,0.62,0.84,21.999999999999996
57971,26991,0.63,0.84,20.999999999999996
58252,27131,0.63,0.84,20.999999999999996
58254,27132,0.63,0.84,20.999999999999996
58256,27133,0.62,0.84,21.999999999999996
58257,27134,0.62,0.84,21.999999999999996
58258,27135,0.62,0.84,21.999999999999996
58260,27136,0.63,0.84,20.999999999999996
58263,27137,0.63,0.84,20.999999999999996
58265,27138,0.63,0.84,20.999999999999996
58266,27139,0.63,0.84,20.999999999999996
58267,27140,0.63,0.84,20.999999999999996
58277,27144,0.63,0.84,20.999999999999996
58279,27145,0.62,0.84,21.999999999999996
58280,27146,0.63,0.84,20.999999999999996
58282,27147,0.63,0.84,20.999999999999996
58283,27148,0.62,0.84,21.999999999999996
58285,27149,0.61,0.84,23.0
58287,27150,0.61,0.84,23.0
58291,27151,0.61,0.84,23.0
58294,27152,0.61,0.84,23.0
58298,27153,0.61,0.84,23.0
58301,27154,0.61,0.84,23.0
58304,27155,0.61,0.84,23.0
58307,27156,0.61,0.84,23.0
58308,27157,0.62,0.84,21.999999999999996
58310,27158,0.62,0.84,21.999999999999996
58314,27159,0.63,0.84,20.999999999999996
58316,27160,0.63,0.84,20.999999999999996
58341,27174,0.63,0.84,20.999999999999996
58360,27183,0.63,0.84,20.999999999999996
58365,27184,0.63,0.84,20.999999999999996
58366,27185,0.63,0.84,20.999999999999996
58543,27277,0.63,0.84,20.999999999999996
58545,27278,0.63,0.84,20.999999999999996
58546,27279,0.63,0.84,20.999999999999996
58548,27280,0.63,0.84,20.999999999999996
58551,27281,0.63,0.84,20.999999999999996
58553,27282,0.62,0.84,21.999999999999996
58554,27283,0.63,0.84,20.999999999999996
58557,27284,0.62,0.84,21.999999999999996
58558,27285,0.61,0.84,23.0
58559,27286,0.61,0.84,23.0
58561,27287,0.61,0.84,23.0
58564,27288,0.61,0.84,23.0
58567,27289,0.61,0.84,23.0
58570,27290,0.61,0.84,23.0
58573,27291,0.6,0.84,24.0
58576,27292,0.6,0.84,24.0
58579,27293,0.6,0.84,24.0
58580,27294,0.6,0.84,24.0
58581,27295,0.59,0.84,25.0
58583,27296,0.59,0.84,25.0
58585,27297,0.58,0.84,26.0
58587,27298,0.58,0.84,26.0
58589,27299,0.58,0.84,26.0
58590,27300,0.58,0.84,26.0
58591,27301,0.58,0.84,26.0
58593,27302,0.58,0.84,26.0
58595,27303,0.57,0.84,27.0
58598,27304,0.57,0.84,27.0
58599,27305,0.56,0.84,27.999999999999993
58601,27306,0.56,0.84,27.999999999999993
58603,27307,0.56,0.84,27.999999999999993
58604,27308,0.56,0.84,27.999999999999993
58607,27309,0.55,0.84,28.999999999999993
58610,27310,0.55,0.84,28.999999999999993
58612,27311,0.56,0.84,27.999999999999993
58614,27312,0.56,0.84,27.999999999999993
58616,27313,0.55,0.84,28.999999999999993
58618,27314,0.56,0.84,27.999999999999993
58620,27315,0.55,0.84,28.999999999999993
58624,27316,0.55,0.84,28.999999999999993
58625,27317,0.56,0.84,27.999999999999993
58627,27318,0.55,0.84,28.999999999999993
58630,27319,0.56,0.84,27.999999999999993
58631,27320,0.57,0.84,27.0
58634,27321,0.58,0.84,26.0
58635,27322,0.58,0.84,26.0
58636,27323,0.59,0.84,25.0
58639,27324,0.6,0.84,24.0
58640,27325,0.6,0.84,24.0
58642,27326,0.59,0.84,25.0
58643,27327,0.58,0.84,26.0
58646,27328,0.58,0.84,26.0
58650,27329,0.59,0.84,25.0
58651,27330,0.58,0.84,26.0
58653,27331,0.58,0.84,26.0
58655,27332,0.58,0.84,26.0
58658,27333,0.59,0.84,25.0
58660,27334,0.59,0.84,25.0
58663,27335,0.59,0.84,25.0
58668,27336,0.59,0.84,25.0
58670,27337,0.59,0.84,25.0
58672,27338,0.58,0.84,26.0
58675,27339,0.58,0.84,26.0
58676,27340,0.58,0.84,26.0
58677,27341,0.58,0.84,26.0
58678,27342,0.59,0.84,25.0
58679,27343,0.59,0.84,25.0
58683,27344,0.6,0.84,24.0
58686,27345,0.6,0.84,24.0
58687,27346,0.59,0.84,25.0
58690,27347,0.59,0.84,25.0
58692,27348,0.59,0.84,25.0
58695,27349,0.6,0.84,24.0
58696,27350,0.61,0.84,23.0
58701,27351,0.62,0.84,21.999999999999996
58703,27352,0.62,0.84,21.999999999999996
58706,27353,0.62,0.84,21.999999999999996
58708,27354,0.62,0.84,21.999999999999996
58710,27355,0.63,0.84,20.999999999999996
58712,27356,0.63,0.84,20.999999999999996
58714,27357,0.62,0.84,21.999999999999996
58718,27358,0.62,0.84,21.999999999999996
58720,27359,0.62,0.84,21.999999999999996
58721,27360,0.61,0.84,23.0
58723,27361,0.62,0.84,21.999999999999996
58727,27362,0.61,0.84,23.0
58730,27363,0.61,0.84,23.0
58732,27364,0.61,0.84,23.0
58733,27365,0.61,0.84,23.0
58734,27366,0.61,0.84,23.0
58737,27367,0.61,0.84,23.0
58741,27368,0.61,0.84,23.0
58743,27369,0.61,0.84,23.0
58744,27370,0.61,0.84,23.0
58745,27371,0.62,0.84,21.999999999999996
58748,27372,0.63,0.84,20.999999999999996
58749,27373,0.63,0.84,20.999999999999996
58753,27374,0.63,0.84,20.999999999999996
58984,27490,0.63,0.84,20.999999999999996
58987,27491,0.63,0.84,20.999999999999996
58988,27492,0.62,0.84,21.999999999999996
58991,27493,0.63,0.84,20.999999999999996
59080,27538,0.63,0.84,20.999999999999996
59081,27539,0.63,0.84,20.999999999999996
59085,27540,0.63,0.84,20.999999999999996
59092,27542,0.63,0.84,20.999999999999996
59100,27546,0.63,0.84,20.999999999999996
59101,27547,0.62,0.84,21.999999999999996
59102,27548,0.61,0.84,23.0
59105,27549,0.61,0.84,23.0
59107,27550,0.61,0.84,23.0
59109,27551,0.6,0.84,24.0
59112,27552,0.6,0.84,24.0
59114,27553,0.6,0.84,24.0
59115,27554,0.6,0.84,24.0
59116,27555,0.59,0.84,25.0
59118,27556,0.59,0.84,25.0
59120,27557,0.6,0.84,24.0
59121,27558,0.6,0.84,24.0
59122,27559,0.6,0.84,24.0
59126,27560,0.6,0.84,24.0
59127,27561,0.6,0.84,24.0
59130,27562,0.6,0.84,24.0
59132,27563,0.59,0.84,25.0
59133,27564,0.58,0.84,26.0
59134,27565,0.58,0.84,26.0
59135,27566,0.57,0.84,27.0
59137,27567,0.56,0.84,27.999999999999993
59139,27568,0.56,0.84,27.999999999999993
59142,27569,0.57,0.84,27.0
59143,27570,0.57,0.84,27.0
59145,27571,0.57,0.84,27.0
59146,27572,0.57,0.84,27.0
59150,27573,0.56,0.84,27.999999999999993
59151,27574,0.55,0.84,28.999999999999993
59152,27575,0.55,0.84,28.999999999999993
59156,27576,0.56,0.84,27.999999999999993
59158,27577,0.56,0.84,27.999999999999993
59160,27578,0.56,0.84,27.999999999999993
59162,27579,0.56,0.84,27.999999999999993
59165,27580,0.56,0.84,27.999999999999993
59168,27581,0.55,0.84,28.999999999999993
59169,27582,0.55,0.84,28.999999999999993
59171,27583,0.55,0.84,28.999999999999993
59173,27584,0.54,0.84,29.999999999999993
59177,27585,0.54,0.84,29.999999999999993
59178,27586,0.54,0.84,29.999999999999993
59179,27587,0.55,0.84,28.999999999999993
59181,27588,0.56,0.84,27.999999999999993
59183,27589,0.57,0.84,27.0
59184,27590,0.58,0.84,26.0
59186,27591,0.57,0.84,27.0
59190,27592,0.58,0.84,26.0
59191,27593,0.58,0.84,26.0
59194,27594,0.58,0.84,26.0
59195,27595,0.58,0.84,26.0
59198,27596,0.59,0.84,25.0
59200,27597,0.58,0.84,26.0
59201,27598,0.58,0.84,26.0
59204,27599,0.58,0.84,26.0
59205,27600,0.58,0.84,26.0
59207,27601,0.59,0.84,25.0
59209,27602,0.6,0.84,24.0
59210,27603,0.61,0.84,23.0
59212,27604,0.61,0.84,23.0
59213,27605,0.61,0.84,23.0
59214,27606,0.62,0.84,21.999999999999996
59216,27607,0.63,0.84,20.999999999999996
59218,27608,0.62,0.84,21.999999999999996
59219,27609,0.61,0.84,23.0
59220,27610,0.6,0.84,24.0
59222,27611,0.6,0.84,24.0
59223,27612,0.59,0.84,25.0
59224,27613,0.58,0.84,26.0
59226,27614,0.59,0.84,25.0
59229,27615,0.59,0.84,25.0
59231,27616,0.59,0.84,25.0
59233,27617,0.59,0.84,25.0
59237,27618,0.6,0.84,24.0
59240,27619,0.61,0.84,23.0
59242,27620,0.62,0.84,21.999999999999996
59245,27621,0.61,0.84,23.0
59246,27622,0.61,0.84,23.0
59247,27623,0.61,0.84,23.0
59248,27624,0.61,0.84,23.0
59253,27625,0.61,0.84,23.0
59257,27626,0.61,0.84,23.0
59258,27627,0.61,0.84,23.0
59260,27628,0.61,0.84,23.0
59262,27629,0.61,0.84,23.0
59266,27630,0.62,0.84,21.999999999999996
59268,27631,0.63,0.84,20.999999999999996
59270,27632,0.63,0.84,20.999999999999996
59272,27633,0.63,0.84,20.999999999999996
59686,27835,0.63,0.84,20.999999999999996
59689,27836,0.62,0.84,21.999999999999996
59692,27837,0.61,0.84,23.0
59694,27838,0.61,0.84,23.0
59697,27839,0.61,0.84,23.0
59698,27840,0.61,0.84,23.0
59699,27841,0.6,0.84,24.0
59701,27842,0.61,0.84,23.0
59706,27843,0.61,0.84,23.0
59707,27844,0.6,0.84,24.0
59708,27845,0.61,0.84,23.0
59710,27846,0.62,0.84,21.999999999999996
59713,27847,0.62,0.84,21.999999999999996
59715,27848,0.62,0.84,21.999999999999996
59718,27849,0.62,0.84,21.999999999999996
59721,27850,0.62,0.84,21.999999999999996
59725,27851,0.62,0.84,21.999999999999996
59726,27852,0.61,0.84,23.0
59727,27853,0.6,0.84,24.0
59729,27854,0.61,0.84,23.0
59731,27855,0.6,0.84,24.0
59732,27856,0.61,0.84,23.0
59733,27857,0.6,0.84,24.0
59736,27858,0.6,0.84,24.0
59739,27859,0.59,0.84,25.0
59740,27860,0.59,0.84,25.0
59741,27861,0.59,0.84,25.0
59742,27862,0.59,0.84,25.0
59744,27863,0.59,0.84,25.0
59747,27864,0.6,0.84,24.0
59749,27865,0.6,0.84,24.0
59751,27866,0.6,0.84,24.0
59755,27867,0.59,0.84,25.0
59759,27868,0.6,0.84,24.0
59761,27869,0.6,0.84,24.0
59762,27870,0.61,0.84,23.0
59765,27871,0.61,0.84,23.0
59767,27872,0.6,0.84,24.0
59768,27873,0.6,0.84,24.0
59770,27874,0.61,0.84,23.0
59772,27875,0.62,0.84,21.999999999999996
59773,27876,0.62,0.84,21.999999999999996
59775,27877,0.62,0.84,21.999999999999996
59779,27878,0.62,0.84,21.999999999999996
59782,27879,0.61,0.84,23.0
59785,27880,0.61,0.84,23.0
59787,27881,0.61,0.84,23.0
59788,27882,0.61,0.84,23.0
59789,27883,0.61,0.84,23.0
59791,27884,0.6,0.84,24.0
59792,27885,0.59,0.84,25.0
59796,27886,0.59,0.84,25.0
59797,27887,0.6,0.84,24.0
59798,27888,0.61,0.84,23.0
59800,27889,0.62,0.84,21.999999999999996
59801,27890,0.61,0.84,23.0
59802,27891,0.61,0.84,23.0
59805,27892,0.61,0.84,23.0
59807,27893,0.6,0.84,24.0
59808,27894,0.6,0.84,24.0
59810,27895,0.59,0.84,25.0
59811,27896,0.6,0.84,24.0
59814,27897,0.6,0.84,24.0
59815,27898,0.61,0.84,23.0
59818,27899,0.61,0.84,23.0
59820,27900,0.61,0.84,23.0
59821,27901,0.6,0.84,24.0
59822,27902,0.61,0.84,23.0
59824,27903,0.6,0.84,24.0
59827,27904,0.6,0.84,24.0
59830,27905,0.61,0.84,23.0
59832,27906,0.62,0.84,21.999999999999996
59835,27907,0.62,0.84,21.999999999999996
59837,27908,0.61,0.84,23.0
59838,27909,0.61,0.84,23.0
59839,27910,0.62,0.84,21.999999999999996
59841,27911,0.62,0.84,21.999999999999996
59843,27912,0.62,0.84,21.999999999999996
59846,27913,0.61,0.84,23.0
59848,27914,0.61,0.84,23.0
59851,27915,0.61,0.84,23.0
59854,27916,0.61,0.84,23.0
59858,27917,0.61,0.84,23.0
59859,27918,0.61,0.84,23.0
59861,27919,0.61,0.84,23.0
59863,27920,0.61,0.84,23.0
59866,27921,0.6,0.84,24.0
59868,27922,0.6,0.84,24.0
59869,27923,0.6,0.84,24.0
59871,27924,0.6,0.84,24.0
59875,27925,0.61,0.84,23.0
59877,27926,0.61,0.84,23.0
59878,27927,0.61,0.84,23.0
59882,27928,0.61,0.84,23.0
59884,27929,0.6,0.84,24.0
59887,27930,0.6,0.84,24.0
59888,27931,0.61,0.84,23.0
59891,27932,0.6,0.84,24.0
59894,27933,0.61,0.84,23.0
59895,27934,0.6,0.84,24.0
59897,27935,0.61,0.84,23.0
59899,27936,0.61,0.84,23.0
59900,27937,0.62,0.84,21.999999999999996
59902,27938,0.63,0.84,20.999999999999996
59903,27939,0.62,0.84,21.999999999999996
59905,27940,0.62,0.84,21.999999999999996
59907,27941,0.62,0.84,21.999999999999996
59909,27942,0.62,0.84,21.999999999999996
59910,27943,0.61,0.84,23.0
59913,27944,0.61,0.84,23.0
59914,27945,0.6,0.84,24.0
59917,27946,0.6,0.84,24.0
59918,27947,0.61,0.84,23.0
59920,27948,0.62,0.84,21.999999999999996
59922,27949,0.61,0.84,23.0
59926,27950,0.61,0.84,23.0
59929,27951,0.61,0.84,23.0
59933,27952,0.62,0.84,21.999999999999996
59934,27953,0.63,0.84,20.999999999999996
59935,27954,0.62,0.84,21.999999999999996
59938,27955,0.63,0.84,20.999999999999996
59940,27956,0.62,0.84,21.999999999999996
59943,27957,0.63,0.84,20.999999999999996
59944,27958,0.63,0.84,20.999999999999996
59947,27959,0.63,0.84,20.999999999999996
59951,27960,0.63,0.84,20.999999999999996
59955,27961,0.63,0.84,20.999999999999996
59956,27962,0.63,0.84,20.999999999999996
59960,27963,0.63,0.84,20.999999999999996
59961,27964,0.62,0.84,21.999999999999996
59963,27965,0.62,0.84,21.999999999999996
59964,27966,0.62,0.84,21.999999999999996
59965,27967,0.63,0.84,20.999999999999996
59966,27968,0.63,0.84,20.999999999999996
59969,27969,0.62,0.84,21.999999999999996
59973,27970,0.62,0.84,21.999999999999996
59974,27971,0.62,0.84,21.999999999999996
59976,27972,0.62,0.84,21.999999999999996
59978,27973,0.62,0.84,21.999999999999996
59982,27974,0.62,0.84,21.999999999999996
59983,27975,0.62,0.84,21.999999999999996
59985,27976,0.62,0.84,21.999999999999996
59989,27977,0.62,0.84,21.999999999999996
59993,27978,0.62,0.84,21.999999999999996
59995,27979,0.62,0.84,21.999999999999996
59998,27980,0.63,0.84,20.999999999999996
59999,27981,0.63,0.84,20.999999999999996
60000,27982,0.63,0.84,20.999999999999996
60339,28148,0.63,0.84,20.999999999999996
60340,28149,0.63,0.84,20.999999999999996
60341,28150,0.63,0.84,20.999999999999996
60342,28151,0.62,0.84,21.999999999999996
60345,28152,0.61,0.84,23.0
60347,28153,0.61,0.84,23.0
60349,28154,0.62,0.84,21.999999999999996
60350,28155,0.62,0.84,21.999999999999996
60353,28156,0.62,0.84,21.999999999999996
60358,28157,0.63,0.84,20.999999999999996
60359,28158,0.63,0.84,20.999999999999996
60360,28159,0.63,0.84,20.999999999999996
60361,28160,0.63,0.84,20.999999999999996
60362,28161,0.63,0.84,20.999999999999996
60364,28162,0.63,0.84,20.999999999999996
60365,28163,0.63,0.84,20.999999999999996
60367,28164,0.63,0.84,20.999999999999996
60370,28165,0.63,0.84,20.999999999999996
60593,28266,0.63,0.84,20.999999999999996
60595,28267,0.62,0.84,21.999999999999996
60597,28268,0.63,0.84,20.999999999999996
60598,28269,0.62,0.84,21.999999999999996
60600,28270,0.62,0.84,21.999999999999996
60602,28271,0.62,0.84,21.999999999999996
60603,28272,0.61,0.84,23.0
60605,28273,0.6,0.84,24.0
60607,28274,0.6,0.84,24.0
60609,28275,0.6,0.84,24.0
60611,28276,0.6,0.84,24.0
60613,28277,0.6,0.84,24.0
60614,28278,0.6,0.84,24.0
60618,28279,0.6,0.84,24.0
60619,28280,0.6,0.84,24.0
60621,28281,0.61,0.84,23.0
60622,28282,0.61,0.84,23.0
60624,28283,0.61,0.84,23.0
60626,28284,0.6,0.84,24.0
60629,28285,0.61,0.84,23.0
60630,28286,0.61,0.84,23.0
60633,28287,0.61,0.84,23.0
60634,28288,0.61,0.84,23.0
60635,28289,0.61,0.84,23.0
60636,28290,0.61,0.84,23.0
60637,28291,0.61,0.84,23.0
60639,28292,0.6,0.84,24.0
60642,28293,0.6,0.84,24.0
60646,28294,0.6,0.84,24.0
60648,28295,0.6,0.84,24.0
60651,28296,0.61,0.84,23.0
60654,28297,0.6,0.84,24.0
60657,28298,0.6,0.84,24.0
60659,28299,0.59,0.84,25.0
60662,28300,0.6,0.84,24.0
60664,28301,0.6,0.84,24.0
60666,28302,0.61,0.84,23.0
60670,28303,0.62,0.84,21.999999999999996
60671,28304,0.61,0.84,23.0
60672,28305,0.61,0.84,23.0
60673,28306,0.6,0.84,24.0
60676,28307,0.59,0.84,25.0
60677,28308,0.59,0.84,25.0
60678,28309,0.59,0.84,25.0
60680,28310,0.6,0.84,24.0
60681,28311,0.59,0.84,25.0
60684,28312,0.59,0.84,25.0
60686,28313,0.59,0.84,25.0
60687,28314,0.59,0.84,25.0
60688,28315,0.59,0.84,25.0
60689,28316,0.59,0.84,25.0
60691,28317,0.59,0.84,25.0
60694,28318,0.59,0.84,25.0
60695,28319,0.59,0.84,25.0
60696,28320,0.59,0.84,25.0
60698,28321,0.59,0.84,25.0
60699,28322,0.6,0.84,24.0
60701,28323,0.61,0.84,23.0
60702,28324,0.62,0.84,21.999999999999996
60703,28325,0.63,0.84,20.999999999999996
60704,28326,0.63,0.84,20.999999999999996
60707,28327,0.63,0.84,20.999999999999996
60708,28328,0.62,0.84,21.999999999999996
60710,28329,0.62,0.84,21.999999999999996
60711,28330,0.61,0.84,23.0
60714,28331,0.6,0.84,24.0
60716,28332,0.6,0.84,24.0
60720,28333,0.61,0.84,23.0
60721,28334,0.62,0.84,21.999999999999996
60723,28335,0.62,0.84,21.999999999999996
60725,28336,0.62,0.84,21.999999999999996
60727,28337,0.62,0.84,21.999999999999996
60729,28338,0.62,0.84,21.999999999999996
60730,28339,0.63,0.84,20.999999999999996
60731,28340,0.62,0.84,21.999999999999996
60732,28341,0.63,0.84,20.999999999999996
60733,28342,0.62,0.84,21.999999999999996
60734,28343,0.62,0.84,21.999999999999996
60736,28344,0.62,0.84,21.999999999999996
60738,28345,0.62,0.84,21.999999999999996
60741,28346,0.62,0.84,21.999999999999996
60744,28347,0.62,0.84,21.999999999999996
60746,28348,0.61,0.84,23.0
60747,28349,0.62,0.84,21.999999999999996
60748,28350,0.63,0.84,20.999999999999996
60751,28351,0.63,0.84,20.999999999999996
60754,28353,0.63,0.84,20.999999999999996
60757,28354,0.63,0.84,20.999999999999996
60760,28355,0.62,0.84,21.999999999999996
60762,28356,0.62,0.84,21.999999999999996
60763,28357,0.63,0.84,20.999999999999996
61168,28555,0.63,0.84,20.999999999999996
61170,28556,0.62,0.84,21.999999999999996
61172,28557,0.61,0.84,23.0
61174,28558,0.6,0.84,24.0
61175,28559,0.6,0.84,24.0
61178,28560,0.6,0.84,24.0
61179,28561,0.59,0.84,25.0
61180,28562,0.59,0.84,25.0
61181,28563,0.6,0.84,24.0
61182,28564,0.59,0.84,25.0
61184,28565,0.6,0.84,24.0
61185,28566,0.6,0.84,24.0
61186,28567,0.6,0.84,24.0
61188,28568,0.59,0.84,25.0
61192,28569,0.59,0.84,25.0
61194,28570,0.59,0.84,25.0
61196,28571,0.58,0.84,26.0
61199,28572,0.58,0.84,26.0
61201,28573,0.58,0.84,26.0
61204,28574,0.59,0.84,25.0
61207,28575,0.6,0.84,24.0
61209,28576,0.61,0.84,23.0
61210,28577,0.61,0.84,23.0
61211,28578,0.61,0.84,23.0
61214,28579,0.62,0.84,21.999999999999996
61217,28580,0.62,0.84,21.999999999999996
61219,28581,0.62,0.84,21.999999999999996
61222,28582,0.61,0.84,23.0
61226,28583,0.61,0.84,23.0
61228,28584,0.61,0.84,23.0
61229,28585,0.61,0.84,23.0
61232,28586,0.61,0.84,23.0
61235,28587,0.61,0.84,23.0
61239,28588,0.62,0.84,21.999999999999996
61240,28589,0.62,0.84,21.999999999999996
61241,28590,0.62,0.84,21.999999999999996
61244,28591,0.62,0.84,21.999999999999996
61246,28592,0.62,0.84,21.999999999999996
61249,28593,0.62,0.84,21.999999999999996
61251,28594,0.63,0.84,20.999999999999996
61252,28595,0.62,0.84,21.999999999999996
61255,28596,0.63,0.84,20.999999999999996
61256,28597,0.63,0.84,20.999999999999996
61258,28598,0.63,0.84,20.999999999999996
61259,28599,0.62,0.84,21.999999999999996
61261,28600,0.62,0.84,21.999999999999996
61262,28601,0.62,0.84,21.999999999999996
61264,28602,0.61,0.84,23.0
61265,28603,0.6,0.84,24.0
61270,28604,0.6,0.84,24.0
61271,28605,0.61,0.84,23.0
61273,28606,0.61,0.84,23.0
61275,28607,0.61,0.84,23.0
61276,28608,0.62,0.84,21.999999999999996
61277,28609,0.61,0.84,23.0
61279,28610,0.62,0.84,21.999999999999996
61280,28611,0.62,0.84,21.999999999999996
61282,28612,0.63,0.84,20.999999999999996
61286,28613,0.63,0.84,20.999999999999996
61296,28618,0.63,0.84,20.999999999999996
61299,28619,0.63,0.84,20.999999999999996
61303,28621,0.63,0.84,20.999999999999996
61304,28622,0.63,0.84,20.999999999999996
61305,28623,0.63,0.84,20.999999999999996
61307,28624,0.63,0.84,20.999999999999996
61310,28625,0.63,0.84,20.999999999999996
61330,28635,0.63,0.84,20.999999999999996
61337,28638,0.63,0.84,20.999999999999996
61364,28650,0.63,0.84,20.999999999999996
61366,28651,0.62,0.84,21.999999999999996
61369,28652,0.63,0.84,20.999999999999996
61372,28653,0.63,0.84,20.999999999999996
62463,29194,0.63,0.84,20.999999999999996
62464,29195,0.63,0.84,20.999999999999996
62466,29196,0.63,0.84,20.999999999999996
62469,29197,0.63,0.84,20.999999999999996
62470,29198,0.62,0.84,21.999999999999996
62472,29199,0.62,0.84,21.999999999999996
62473,29200,0.62,0.84,21.999999999999996
62474,29201,0.62,0.84,21.999999999999996
62477,29202,0.63,0.84,20.999999999999996
62478,29203,0.63,0.84,20.999999999999996
62479,29204,0.63,0.84,20.999999999999996
62480,29205,0.63,0.84,20.999999999999996
62485,29206,0.62,0.84,21.999999999999996
62489,29207,0.62,0.84,21.999999999999996
62491,29208,0.61,0.84,23.0
62492,29209,0.61,0.84,23.0
62496,29210,0.6,0.84,24.0
62497,29211,0.59,0.84,25.0
62499,29212,0.58,0.84,26.0
62502,29213,0.58,0.84,26.0
62504,29214,0.57,0.84,27.0
62508,29215,0.58,0.84,26.0
62510,29216,0.58,0.84,26.0
62511,29217,0.58,0.84,26.0
62513,29218,0.58,0.84,26.0
62514,29219,0.58,0.84,26.0
62517,29220,0.58,0.84,26.0
62520,29221,0.58,0.84,26.0
62522,29222,0.58,0.84,26.0
62523,29223,0.57,0.84,27.0
62528,29224,0.58,0.84,26.0
62531,29225,0.58,0.84,26.0
62533,29226,0.57,0.84,27.0
62534,29227,0.56,0.84,27.999999999999993
62537,29228,0.56,0.84,27.999999999999993
62539,29229,0.56,0.84,27.999999999999993
62542,29230,0.57,0.84,27.0
62544,29231,0.56,0.84,27.999999999999993
62545,29232,0.56,0.84,27.999999999999993
62547,29233,0.57,0.84,27.0
62548,29234,0.58,0.84,26.0
62550,29235,0.57,0.84,27.0
62552,29236,0.57,0.84,27.0
62553,29237,0.57,0.84,27.0
62555,29238,0.57,0.84,27.0
62556,29239,0.57,0.84,27.0
62559,29240,0.57,0.84,27.0
62561,29241,0.57,0.84,27.0
62565,29242,0.57,0.84,27.0
62566,29243,0.57,0.84,27.0
62567,29244,0.57,0.84,27.0
62571,29245,0.57,0.84,27.0
62573,29246,0.57,0.84,27.0
62574,29247,0.57,0.84,27.0
62577,29248,0.56,0.84,27.999999999999993
62578,29249,0.56,0.84,27.999999999999993
62580,29250,0.57,0.84,27.0
62582,29251,0.57,0.84,27.0
62583,29252,0.56,0.84,27.999999999999993
62585,29253,0.56,0.84,27.999999999999993
62587,29254,0.57,0.84,27.0
62588,29255,0.56,0.84,27.999999999999993
62590,29256,0.55,0.84,28.999999999999993
62592,29257,0.55,0.84,28.999999999999993
62593,29258,0.56,0.84,27.999999999999993
62594,29259,0.56,0.84,27.999999999999993
62597,29260,0.56,0.84,27.999999999999993
62599,29261,0.57,0.84,27.0
62600,29262,0.57,0.84,27.0
62601,29263,0.56,0.84,27.999999999999993
62602,29264,0.56,0.84,27.999999999999993
62605,29265,0.56,0.84,27.999999999999993
62607,29266,0.56,0.84,27.999999999999993
62609,29267,0.55,0.84,28.999999999999993
62614,29268,0.54,0.84,29.999999999999993
62615,29269,0.54,0.84,29.999999999999993
62618,29270,0.54,0.84,29.999999999999993
62619,29271,0.55,0.84,28.999999999999993
62620,29272,0.56,0.84,27.999999999999993
62621,29273,0.55,0.84,28.999999999999993
62625,29274,0.56,0.84,27.999999999999993
62626,29275,0.56,0.84,27.999999999999993
62627,29276,0.55,0.84,28.999999999999993
62629,29277,0.56,0.84,27.999999999999993
62630,29278,0.57,0.84,27.0
62632,29279,0.57,0.84,27.0
62635,29280,0.57,0.84,27.0
62636,29281,0.58,0.84,26.0
62639,29282,0.59,0.84,25.0
62641,29283,0.58,0.84,26.0
62644,29284,0.58,0.84,26.0
62645,29285,0.57,0.84,27.0
62647,29286,0.56,0.84,27.999999999999993
62651,29287,0.57,0.84,27.0
62654,29288,0.56,0.84,27.999999999999993
62656,29289,0.56,0.84,27.999999999999993
62658,29290,0.57,0.84,27.0
62661,29291,0.58,0.84,26.0
62665,29292,0.59,0.84,25.0
62666,29293,0.6,0.84,24.0
62669,29294,0.6,0.84,24.0
62673,29295,0.6,0.84,24.0
62674,29296,0.59,0.84,25.0
62675,29297,0.58,0.84,26.0
62678,29298,0.58,0.84,26.0
62683,29299,0.58,0.84,26.0
62685,29300,0.58,0.84,26.0
62688,29301,0.58,0.84,26.0
62690,29302,0.57,0.84,27.0
62693,29303,0.58,0.84,26.0
62696,29304,0.58,0.84,26.0
62697,29305,0.58,0.84,26.0
62701,29306,0.59,0.84,25.0
62702,29307,0.59,0.84,25.0
62704,29308,0.6,0.84,24.0
62706,29309,0.61,0.84,23.0
62708,29310,0.62,0.84,21.999999999999996
62711,29311,0.63,0.84,20.999999999999996
63526,29680,0.63,0.84,20.999999999999996
63556,29691,0.63,0.84,20.999999999999996
63680,29755,0.63,0.84,20.999999999999996
63682,29756,0.63,0.84,20.999999999999996
63683,29757,0.63,0.84,20.999999999999996
63686,29758,0.63,0.84,20.999999999999996
63689,29759,0.63,0.84,20.999999999999996
64213,30022,0.63,0.84,20.999999999999996
64214,30023,0.63,0.84,20.999999999999996
64216,30024,0.62,0.84,21.999999999999996
64217,30025,0.63,0.84,20.999999999999996
64218,30026,0.62,0.84,21.999999999999996
64219,30027,0.61,0.84,23.0
64221,30028,0.61,0.84,23.0
64222,30029,0.61,0.84,23.0
64223,30030,0.61,0.84,23.0
64224,30031,0.6,0.84,24.0
64225,30032,0.61,0.84,23.0
64227,30033,0.62,0.84,21.999999999999996
64228,30034,0.62,0.84,21.999999999999996
64230,30035,0.63,0.84,20.999999999999996
64232,30036,0.63,0.84,20.999999999999996
64233,30037,0.63,0.84,20.999999999999996
64236,30038,0.63,0.84,20.999999999999996
64238,30039,0.63,0.84,20.999999999999996
64239,30040,0.63,0.84,20.999999999999996
64241,30041,0.63,0.84,20.999999999999996
64243,30042,0.63,0.84,20.999999999999996
64245,30043,0.63,0.84,20.999999999999996
64284,30062,0.63,0.84,20.999999999999996
64723,30272,0.63,0.84,20.999999999999996
64726,30273,0.63,0.84,20.999999999999996
64727,30274,0.62,0.84,21.999999999999996
64728,30275,0.61,0.84,23.0
64729,30276,0.61,0.84,23.0
64731,30277,0.61,0.84,23.0
64733,30278,0.61,0.84,23.0
64736,30279,0.62,0.84,21.999999999999996
64737,30280,0.63,0.84,20.999999999999996
64739,30281,0.62,0.84,21.999999999999996
64742,30282,0.61,0.84,23.0
64744,30283,0.6,0.84,24.0
64745,30284,0.6,0.84,24.0
64746,30285,0.6,0.84,24.0
64747,30286,0.6,0.84,24.0
64748,30287,0.59,0.84,25.0
64749,30288,0.59,0.84,25.0
64755,30289,0.59,0.84,25.0
64758,30290,0.6,0.84,24.0
64760,30291,0.61,0.84,23.0
64761,30292,0.61,0.84,23.0
64765,30293,0.61,0.84,23.0
64769,30294,0.61,0.84,23.0
64772,30295,0.61,0.84,23.0
64777,30296,0.61,0.84,23.0
64778,30297,0.6,0.84,24.0
64780,30298,0.6,0.84,24.0
64784,30299,0.6,0.84,24.0
64785,30300,0.6,0.84,24.0
64788,30301,0.61,0.84,23.0
64790,30302,0.62,0.84,21.999999999999996
64794,30303,0.63,0.84,20.999999999999996
64795,30304,0.62,0.84,21.999999999999996
64798,30305,0.62,0.84,21.999999999999996
64800,30306,0.63,0.84,20.999999999999996
64808,30309,0.63,0.84,20.999999999999996
65495,30650,0.63,0.84,20.999999999999996
65496,30651,0.62,0.84,21.999999999999996
65497,30652,0.62,0.84,21.999999999999996
65499,30653,0.62,0.84,21.999999999999996
65501,30654,0.62,0.84,21.999999999999996
65502,30655,0.61,0.84,23.0
65504,30656,0.61,0.84,23.0
65506,30657,0.6,0.84,24.0
65507,30658,0.6,0.84,24.0
65508,30659,0.6,0.84,24.0
65509,30660,0.6,0.84,24.0
65511,30661,0.61,0.84,23.0
65512,30662,0.62,0.84,21.999999999999996
65513,30663,0.61,0.84,23.0
65514,30664,0.62,0.84,21.999999999999996
65516,30665,0.61,0.84,23.0
65520,30666,0.61,0.84,23.0
65521,30667,0.6,0.84,24.0
65522,30668,0.61,0.84,23.0
65526,30669,0.61,0.84,23.0
65529,30670,0.62,0.84,21.999999999999996
65534,30671,0.62,0.84,21.999999999999996
65535,30672,0.62,0.84,21.999999999999996
65536,30673,0.62,0.84,21.999999999999996
65538,30674,0.63,0.84,20.999999999999996
65539,30675,0.63,0.84,20.999999999999996
65540,30676,0.63,0.84,20.999999999999996
65541,30677,0.63,0.84,20.999999999999996
65542,30678,0.62,0.84,21.999999999999996
65546,30679,0.62,0.84,21.999999999999996
65548,30680,0.62,0.84,21.999999999999996
65549,30681,0.62,0.84,21.999999999999996
65551,30682,0.61,0.84,23.0
65553,30683,0.62,0.84,21.999999999999996
65557,30684,0.63,0.84,20.999999999999996
65831,30820,0.63,0.84,20.999999999999996
65833,30821,0.62,0.84,21.999999999999996
65835,30822,0.62,0.84,21.999999999999996
65836,30823,0.61,0.84,23.0
65839,30824,0.61,0.84,23.0
65840,30825,0.61,0.84,23.0
65841,30826,0.6,0.84,24.0
65844,30827,0.6,0.84,24.0
65845,30828,0.6,0.84,24.0
65850,30829,0.6,0.84,24.0
65853,30830,0.61,0.84,23.0
65859,30831,0.61,0.84,23.0
65861,30832,0.61,0.84,23.0
65864,30833,0.61,0.84,23.0
65865,30834,0.61,0.84,23.0
65869,30835,0.61,0.84,23.0
65871,30836,0.62,0.84,21.999999999999996
65873,30837,0.61,0.84,23.0
65874,30838,0.61,0.84,23.0
65875,30839,0.61,0.84,23.0
65876,30840,0.62,0.84,21.999999999999996
65877,30841,0.62,0.84,21.999999999999996
65878,30842,0.61,0.84,23.0
65879,30843,0.61,0.84,23.0
65881,30844,0.61,0.84,23.0
65883,30845,0.6,0.84,24.0
65884,30846,0.6,0.84,24.0
65885,30847,0.59,0.84,25.0
65887,30848,0.6,0.84,24.0
65888,30849,0.61,0.84,23.0
65890,30850,0.62,0.84,21.999999999999996
65891,30851,0.61,0.84,23.0
65894,30852,0.61,0.84,23.0
65897,30853,0.62,0.84,21.999999999999996
65899,30854,0.62,0.84,21.999999999999996
65900,30855,0.62,0.84,21.999999999999996
65901,30856,0.61,0.84,23.0
65902,30857,0.61,0.84,23.0
65904,30858,0.62,0.84,21.999999999999996
65906,30859,0.63,0.84,20.999999999999996
65908,30860,0.63,0.84,20.999999999999996
65909,30861,0.62,0.84,21.999999999999996
65911,30862,0.63,0.84,20.999999999999996
65914,30863,0.63,0.84,20.999999999999996
66657,31221,0.63,0.84,20.999999999999996
66658,31222,0.63,0.84,20.999999999999996
66659,31223,0.62,0.84,21.999999999999996
66662,31224,0.63,0.84,20.999999999999996
66664,31225,0.63,0.84,20.999999999999996
66949,31370,0.63,0.84,20.999999999999996
66951,31372,0.63,0.84,20.999999999999996
66952,31373,0.63,0.84,20.999999999999996
66953,31374,0.62,0.84,21.999999999999996
66958,31375,0.63,0.84,20.999999999999996
66960,31376,0.63,0.84,20.999999999999996
66962,31377,0.63,0.84,20.999999999999996
66963,31378,0.62,0.84,21.999999999999996
66966,31379,0.61,0.84,23.0
66968,31380,0.62,0.84,21.999999999999996
66970,31381,0.63,0.84,20.999999999999996
66971,31382,0.62,0.84,21.999999999999996
66975,31383,0.63,0.84,20.999999999999996
66976,31384,0.63,0.84,20.999999999999996
66978,31385,0.63,0.84,20.999999999999996
66980,31386,0.63,0.84,20.999999999999996
66982,31387,0.63,0.84,20.999999999999996
66985,31388,0.62,0.84,21.999999999999996
66988,31389,0.63,0.84,20.999999999999996
66990,31390,0.62,0.84,21.999999999999996
66993,31391,0.62,0.84,21.999999999999996
66995,31392,0.61,0.84,23.0
66996,31393,0.6,0.84,24.0
66997,31394,0.61,0.84,23.0
66998,31395,0.62,0.84,21.999999999999996
67002,31396,0.63,0.84,20.999999999999996
67005,31397,0.63,0.84,20.999999999999996
67008,31398,0.62,0.84,21.999999999999996
67012,31399,0.62,0.84,21.999999999999996
67014,31400,0.61,0.84,23.0
67019,31401,0.61,0.84,23.0
67021,31402,0.61,0.84,23.0
67023,31403,0.61,0.84,23.0
67025,31404,0.61,0.84,23.0
67027,31405,0.61,0.84,23.0
67028,31406,0.61,0.84,23.0
67031,31407,0.6,0.84,24.0
67034,31408,0.61,0.84,23.0
67036,31409,0.61,0.84,23.0
67040,31410,0.6,0.84,24.0
67041,31411,0.61,0.84,23.0
67042,31412,0.61,0.84,23.0
67043,31413,0.61,0.84,23.0
67045,31414,0.61,0.84,23.0
67046,31415,0.6,0.84,24.0
67047,31416,0.59,0.84,25.0
67049,31417,0.59,0.84,25.0
67050,31418,0.58,0.84,26.0
67053,31419,0.58,0.84,26.0
67057,31420,0.59,0.84,25.0
67058,31421,0.59,0.84,25.0
67059,31422,0.59,0.84,25.0
67060,31423,0.6,0.84,24.0
67064,31424,0.6,0.84,24.0
67065,31425,0.6,0.84,24.0
67067,31426,0.61,0.84,23.0
67069,31427,0.61,0.84,23.0
67070,31428,0.61,0.84,23.0
67075,31429,0.61,0.84,23.0
67077,31430,0.62,0.84,21.999999999999996
67078,31431,0.62,0.84,21.999999999999996
67081,31432,0.62,0.84,21.999999999999996
67083,31433,0.61,0.84,23.0
67086,31434,0.6,0.84,24.0
67091,31435,0.6,0.84,24.0
67092,31436,0.6,0.84,24.0
67094,31437,0.61,0.84,23.0
67096,31438,0.61,0.84,23.0
67098,31439,0.61,0.84,23.0
67099,31440,0.61,0.84,23.0
67101,31441,0.6,0.84,24.0
67107,31442,0.61,0.84,23.0
67108,31443,0.6,0.84,24.0
67110,31444,0.61,0.84,23.0
67113,31445,0.62,0.84,21.999999999999996
67116,31446,0.62,0.84,21.999999999999996
67117,31447,0.62,0.84,21.999999999999996
67118,31448,0.62,0.84,21.999999999999996
67122,31449,0.63,0.84,20.999999999999996
67124,31450,0.63,0.84,20.999999999999996
67128,31451,0.63,0.84,20.999999999999996
68651,32175,0.63,0.84,20.999999999999996
68653,32176,0.63,0.84,20.999999999999996
68655,32177,0.63,0.84,20.999999999999996
68656,32178,0.62,0.84,21.999999999999996
68657,32179,0.62,0.84,21.999999999999996
68659,32180,0.63,0.84,20.999999999999996
68660,32181,0.62,0.84,21.999999999999996
68663,32182,0.62,0.84,21.999999999999996
68665,32183,0.63,0.84,20.999999999999996
68667,32184,0.63,0.84,20.999999999999996
68670,32185,0.63,0.84,20.999999999999996
68672,32186,0.62,0.84,21.999999999999996
68673,32187,0.61,0.84,23.0
68674,32188,0.61,0.84,23.0
68676,32189,0.61,0.84,23.0
68679,32190,0.6,0.84,24.0
68680,32191,0.61,0.84,23.0
68681,32192,0.6,0.84,24.0
68683,32193,0.59,0.84,25.0
68685,32194,0.6,0.84,24.0
68687,32195,0.6,0.84,24.0
68690,32196,0.6,0.84,24.0
68691,32197,0.59,0.84,25.0
68694,32198,0.59,0.84,25.0
68695,32199,0.6,0.84,24.0
68696,32200,0.6,0.84,24.0
68697,32201,0.61,0.84,23.0
68699,32202,0.61,0.84,23.0
68700,32203,0.61,0.84,23.0
68703,32204,0.61,0.84,23.0
68704,32205,0.6,0.84,24.0
68707,32206,0.6,0.84,24.0
68708,32207,0.59,0.84,25.0
68712,32208,0.59,0.84,25.0
68715,32209,0.59,0.84,25.0
68716,32210,0.58,0.84,26.0
68718,32211,0.59,0.84,25.0
68721,32212,0.6,0.84,24.0
68723,32213,0.6,0.84,24.0
68725,32214,0.6,0.84,24.0
68730,32215,0.6,0.84,24.0
68731,32216,0.61,0.84,23.0
68734,32217,0.62,0.84,21.999999999999996
68735,32218,0.62,0.84,21.999999999999996
68737,32219,0.62,0.84,21.999999999999996
68738,32220,0.62,0.84,21.999999999999996
68741,32221,0.63,0.84,20.999999999999996
68742,32222,0.63,0.84,20.999999999999996
68743,32223,0.62,0.84,21.999999999999996
68744,32224,0.62,0.84,21.999999999999996
68746,32225,0.63,0.84,20.999999999999996
68748,32226,0.63,0.84,20.999999999999996
68752,32227,0.63,0.84,20.999999999999996
68753,32228,0.63,0.84,20.999999999999996
68756,32229,0.63,0.84,20.999999999999996
68761,32231,0.63,0.84,20.999999999999996
68763,32232,0.63,0.84,20.999999999999996
68766,32233,0.63,0.84,20.999999999999996
68768,32234,0.63,0.84,20.999999999999996
70994,33285,0.63,0.84,20.999999999999996
70996,33286,0.63,0.84,20.999999999999996
70997,33287,0.63,0.84,20.999999999999996
71000,33290,0.63,0.84,20.999999999999996
71001,33291,0.62,0.84,21.999999999999996
71002,33292,0.63,0.84,20.999999999999996
71009,33296,0.63,0.84,20.999999999999996
71014,33300,0.63,0.84,20.999999999999996
71066,33322,0.63,0.84,20.999999999999996
71070,33323,0.63,0.84,20.999999999999996
71072,33324,0.63,0.84,20.999999999999996
71107,33338,0.63,0.84,20.999999999999996
71109,33339,0.63,0.84,20.999999999999996
71113,33340,0.63,0.84,20.999999999999996
71122,33344,0.63,0.84,20.999999999999996
71124,33345,0.63,0.84,20.999999999999996
71125,33346,0.63,0.84,20.999999999999996
71628,33590,0.63,0.84,20.999999999999996
71629,33591,0.62,0.84,21.999999999999996
71630,33592,0.61,0.84,23.0
71632,33593,0.61,0.84,23.0
71633,33594,0.61,0.84,23.0
71634,33595,0.62,0.84,21.999999999999996
71635,33596,0.61,0.84,23.0
71636,33597,0.6,0.84,24.0
71638,33598,0.6,0.84,24.0
71642,33599,0.6,0.84,24.0
71644,33600,0.6,0.84,24.0
71645,33601,0.6,0.84,24.0
71646,33602,0.6,0.84,24.0
71649,33603,0.6,0.84,24.0
71651,33604,0.6,0.84,24.0
71654,33605,0.61,0.84,23.0
71655,33606,0.61,0.84,23.0
71657,33607,0.61,0.84,23.0
71658,33608,0.61,0.84,23.0
71662,33609,0.61,0.84,23.0
71665,33610,0.61,0.84,23.0
71668,33611,0.61,0.84,23.0
71671,33612,0.62,0.84,21.999999999999996
71675,33613,0.62,0.84,21.999999999999996
71677,33614,0.63,0.84,20.999999999999996
71678,33615,0.62,0.84,21.999999999999996
71679,33616,0.62,0.84,21.999999999999996
71684,33617,0.63,0.84,20.999999999999996
71685,33618,0.63,0.84,20.999999999999996
71690,33619,0.63,0.84,20.999999999999996
71691,33620,0.63,0.84,20.999999999999996
71692,33621,0.63,0.84,20.999999999999996
71693,33622,0.63,0.84,20.999999999999996
72412,33985,0.63,0.84,20.999999999999996
72426,33992,0.63,0.84,20.999999999999996
72427,33993,0.62,0.84,21.999999999999996
72432,33994,0.62,0.84,21.999999999999996
72435,33995,0.63,0.84,20.999999999999996
72655,34110,0.63,0.84,20.999999999999996
72664,34117,0.63,0.84,20.999999999999996
72668,34120,0.63,0.84,20.999999999999996
72669,34121,0.63,0.84,20.999999999999996
72670,34122,0.62,0.84,21.999999999999996
72671,34123,0.63,0.84,20.999999999999996
72685,34129,0.63,0.84,20.999999999999996
72690,34131,0.63,0.84,20.999999999999996
72691,34132,0.63,0.84,20.999999999999996
72692,34133,0.62,0.84,21.999999999999996
72694,34134,0.63,0.84,20.999999999999996
72695,34135,0.62,0.84,21.999999999999996
72697,34136,0.61,0.84,23.0
72698,34137,0.61,0.84,23.0
72701,34138,0.61,0.84,23.0
72702,34139,0.6,0.84,24.0
72704,34140,0.59,0.84,25.0
72705,34141,0.6,0.84,24.0
72706,34142,0.6,0.84,24.0
72709,34143,0.6,0.84,24.0
72713,34144,0.6,0.84,24.0
72714,34145,0.6,0.84,24.0
72715,34146,0.6,0.84,24.0
72718,34147,0.6,0.84,24.0
72719,34148,0.6,0.84,24.0
72720,34149,0.61,0.84,23.0
72724,34150,0.61,0.84,23.0
72725,34151,0.6,0.84,24.0
72726,34152,0.6,0.84,24.0
72729,34153,0.6,0.84,24.0
72730,34154,0.59,0.84,25.0
72732,34155,0.59,0.84,25.0
72735,34156,0.59,0.84,25.0
72740,34157,0.59,0.84,25.0
72741,34158,0.6,0.84,24.0
72745,34159,0.6,0.84,24.0
72747,34160,0.59,0.84,25.0
72748,34161,0.59,0.84,25.0
72750,34162,0.59,0.84,25.0
72752,34163,0.6,0.84,24.0
72755,34164,0.59,0.84,25.0
72759,34165,0.59,0.84,25.0
72761,34166,0.6,0.84,24.0
72764,34167,0.6,0.84,24.0
72765,34168,0.59,0.84,25.0
72767,34169,0.6,0.84,24.0
72768,34170,0.6,0.84,24.0
72770,34171,0.61,0.84,23.0
72772,34172,0.6,0.84,24.0
72774,34173,0.6,0.84,24.0
72777,34174,0.6,0.84,24.0
72780,34175,0.6,0.84,24.0
72782,34176,0.61,0.84,23.0
72785,34177,0.62,0.84,21.999999999999996
72787,34178,0.63,0.84,20.999999999999996
72789,34179,0.63,0.84,20.999999999999996
72791,34180,0.63,0.84,20.999999999999996
72792,34181,0.62,0.84,21.999999999999996
72794,34182,0.62,0.84,21.999999999999996
72797,34183,0.63,0.84,20.999999999999996
74582,35022,0.63,0.84,20.999999999999996
74583,35023,0.63,0.84,20.999999999999996
74602,35034,0.63,0.84,20.999999999999996
74603,35035,0.63,0.84,20.999999999999996
74612,35041,0.63,0.84,20.999999999999996
74613,35042,0.63,0.84,20.999999999999996
74640,35056,0.63,0.84,20.999999999999996
74641,35057,0.62,0.84,21.999999999999996
74643,35058,0.61,0.84,23.0
74644,35059,0.6,0.84,24.0
74645,35060,0.59,0.84,25.0
74647,35061,0.59,0.84,25.0
74649,35062,0.59,0.84,25.0
74652,35063,0.59,0.84,25.0
74653,35064,0.59,0.84,25.0
74654,35065,0.6,0.84,24.0
74655,35066,0.59,0.84,25.0
74657,35067,0.6,0.84,24.0
74658,35068,0.6,0.84,24.0
74659,35069,0.6,0.84,24.0
74660,35070,0.6,0.84,24.0
74663,35071,0.61,0.84,23.0
74665,35072,0.6,0.84,24.0
74669,35073,0.6,0.84,24.0
74670,35074,0.61,0.84,23.0
74672,35075,0.62,0.84,21.999999999999996
74674,35076,0.62,0.84,21.999999999999996
74675,35077,0.61,0.84,23.0
74678,35078,0.62,0.84,21.999999999999996
74681,35079,0.62,0.84,21.999999999999996
74682,35080,0.62,0.84,21.999999999999996
74683,35081,0.61,0.84,23.0
74685,35082,0.61,0.84,23.0
74686,35083,0.61,0.84,23.0
74687,35084,0.62,0.84,21.999999999999996
74689,35085,0.63,0.84,20.999999999999996
74690,35086,0.63,0.84,20.999999999999996
74692,35087,0.63,0.84,20.999999999999996
74695,35088,0.63,0.84,20.999999999999996
74698,35089,0.63,0.84,20.999999999999996
74699,35090,0.63,0.84,20.999999999999996
74701,35091,0.63,0.84,20.999999999999996
74704,35092,0.63,0.84,20.999999999999996
74932,35205,0.63,0.84,20.999999999999996
74934,35206,0.63,0.84,20.999999999999996
74951,35216,0.63,0.84,20.999999999999996
74953,35217,0.62,0.84,21.999999999999996
74954,35218,0.62,0.84,21.999999999999996
74956,35219,0.63,0.84,20.999999999999996
74957,35220,0.63,0.84,20.999999999999996
74959,35221,0.63,0.84,20.999999999999996
74963,35224,0.63,0.84,20.999999999999996
74965,35225,0.63,0.84,20.999999999999996
74968,35226,0.63,0.84,20.999999999999996
74970,35227,0.63,0.84,20.999999999999996
74974,35228,0.63,0.84,20.999999999999996
74976,35230,0.63,0.84,20.999999999999996
74978,35231,0.63,0.84,20.999999999999996
74979,35232,0.63,0.84,20.999999999999996
74990,35237,0.63,0.84,20.999999999999996
74995,35238,0.63,0.84,20.999999999999996
74997,35239,0.63,0.84,20.999999999999996
74998,35240,0.63,0.84,20.999999999999996
74999,35241,0.63,0.84,20.999999999999996
75001,35242,0.63,0.84,20.999999999999996
75003,35243,0.63,0.84,20.999999999999996
75005,35244,0.62,0.84,21.999999999999996
75007,35245,0.63,0.84,20.999999999999996
75042,35261,0.63,0.84,20.999999999999996
75044,35262,0.63,0.84,20.999999999999996
75045,35263,0.62,0.84,21.999999999999996
75047,35264,0.61,0.84,23.0
75049,35265,0.61,0.84,23.0
75050,35266,0.61,0.84,23.0
75052,35267,0.6,0.84,24.0
75054,35268,0.61,0.84,23.0
75055,35269,0.61,0.84,23.0
75057,35270,0.62,0.84,21.999999999999996
75060,35271,0.62,0.84,21.999999999999996
75061,35272,0.62,0.84,21.999999999999996
75065,35273,0.63,0.84,20.999999999999996
75067,35274,0.63,0.84,20.999999999999996
75068,35275,0.62,0.84,21.999999999999996
75070,35276,0.62,0.84,21.999999999999996
75072,35277,0.63,0.84,20.999999999999996
75075,35278,0.63,0.84,20.999999999999996
75078,35279,0.63,0.84,20.999999999999996
75081,35280,0.63,0.84,20.999999999999996
76155,35794,0.63,0.84,20.999999999999996
76158,35795,0.63,0.84,20.999999999999996
76159,35796,0.62,0.84,21.999999999999996
76160,35797,0.61,0.84,23.0
76161,35798,0.61,0.84,23.0
76163,35799,0.62,0.84,21.999999999999996
76165,35800,0.63,0.84,20.999999999999996
76167,35801,0.63,0.84,20.999999999999996
76168,35802,0.62,0.84,21.999999999999996
76169,35803,0.63,0.84,20.999999999999996
76171,35804,0.63,0.84,20.999999999999996
76180,35808,0.63,0.84,20.999999999999996
76338,35886,0.63,0.84,20.999999999999996
76339,35887,0.62,0.84,21.999999999999996
76340,35888,0.61,0.84,23.0
76344,35889,0.61,0.84,23.0
76345,35890,0.62,0.84,21.999999999999996
76348,35891,0.63,0.84,20.999999999999996
77039,36223,0.63,0.84,20.999999999999996
77040,36224,0.63,0.84,20.999999999999996
77041,36225,0.63,0.84,20.999999999999996
77058,36232,0.63,0.84,20.999999999999996
77063,36233,0.63,0.84,20.999999999999996
77066,36234,0.63,0.84,20.999999999999996
77068,36235,0.63,0.84,20.999999999999996
77086,36244,0.63,0.84,20.999999999999996
77088,36245,0.63,0.84,20.999999999999996
77094,36247,0.63,0.84,20.999999999999996
77096,36248,0.63,0.84,20.999999999999996
77097,36249,0.63,0.84,20.999999999999996
77100,36250,0.63,0.84,20.999999999999996
77101,36251,0.63,0.84,20.999999999999996
77103,36252,0.63,0.84,20.999999999999996
77105,36253,0.63,0.84,20.999999999999996
78643,37004,0.63,0.84,20.999999999999996
78645,37005,0.63,0.84,20.999999999999996
78647,37006,0.62,0.84,21.999999999999996
78650,37007,0.62,0.84,21.999999999999996
78654,37008,0.62,0.84,21.999999999999996
78655,37009,0.62,0.84,21.999999999999996
78656,37010,0.62,0.84,21.999999999999996
78657,37011,0.61,0.84,23.0
78660,37012,0.62,0.84,21.999999999999996
78663,37013,0.62,0.84,21.999999999999996
78666,37014,0.62,0.84,21.999999999999996
78667,37015,0.63,0.84,20.999999999999996
78670,37016,0.63,0.84,20.999999999999996
78672,37017,0.62,0.84,21.999999999999996
78673,37018,0.62,0.84,21.999999999999996
78676,37019,0.62,0.84,21.999999999999996
78678,37020,0.61,0.84,23.0
78679,37021,0.6,0.84,24.0
78680,37022,0.59,0.84,25.0
78684,37023,0.58,0.84,26.0
78685,37024,0.57,0.84,27.0
78687,37025,0.57,0.84,27.0
78688,37026,0.56,0.84,27.999999999999993
78689,37027,0.56,0.84,27.999999999999993
78690,37028,0.56,0.84,27.999999999999993
78692,37029,0.55,0.84,28.999999999999993
78696,37030,0.55,0.84,28.999999999999993
78698,37031,0.56,0.84,27.999999999999993
78700,37032,0.56,0.84,27.999999999999993
78702,37033,0.55,0.84,28.999999999999993
78703,37034,0.55,0.84,28.999999999999993
78704,37035,0.54,0.84,29.999999999999993
78707,37036,0.54,0.84,29.999999999999993
78711,37037,0.55,0.84,28.999999999999993
78714,37038,0.55,0.84,28.999999999999993
78717,37039,0.55,0.84,28.999999999999993
78719,37040,0.54,0.84,29.999999999999993
78721,37041,0.55,0.84,28.999999999999993
78723,37042,0.54,0.84,29.999999999999993
78724,37043,0.54,0.84,29.999999999999993
78725,37044,0.54,0.84,29.999999999999993
78727,37045,0.55,0.84,28.999999999999993
78730,37046,0.56,0.84,27.999999999999993
78732,37047,0.56,0.84,27.999999999999993
78735,37048,0.57,0.84,27.0
78738,37049,0.58,0.84,26.0
78742,37050,0.58,0.84,26.0
78745,37051,0.58,0.84,26.0
78746,37052,0.58,0.84,26.0
78747,37053,0.58,0.84,26.0
78749,37054,0.58,0.84,26.0
78752,37055,0.59,0.84,25.0
78753,37056,0.58,0.84,26.0
78754,37057,0.58,0.84,26.0
78756,37058,0.58,0.84,26.0
78757,37059,0.58,0.84,26.0
78758,37060,0.59,0.84,25.0
78761,37061,0.59,0.84,25.0
78762,37062,0.6,0.84,24.0
78763,37063,0.59,0.84,25.0
78765,37064,0.58,0.84,26.0
78767,37065,0.58,0.84,26.0
78769,37066,0.57,0.84,27.0
78770,37067,0.57,0.84,27.0
78772,37068,0.58,0.84,26.0
78774,37069,0.58,0.84,26.0
78776,37070,0.59,0.84,25.0
78778,37071,0.6,0.84,24.0
78779,37072,0.6,0.84,24.0
78780,37073,0.6,0.84,24.0
78783,37074,0.6,0.84,24.0
78784,37075,0.59,0.84,25.0
78788,37076,0.6,0.84,24.0
78791,37077,0.6,0.84,24.0
78792,37078,0.6,0.84,24.0
78793,37079,0.61,0.84,23.0
78795,37080,0.61,0.84,23.0
78797,37081,0.61,0.84,23.0
78799,37082,0.62,0.84,21.999999999999996
78800,37083,0.61,0.84,23.0
78803,37084,0.61,0.84,23.0
78804,37085,0.61,0.84,23.0
78805,37086,0.62,0.84,21.999999999999996
78808,37087,0.62,0.84,21.999999999999996
78810,37088,0.62,0.84,21.999999999999996
78815,37089,0.62,0.84,21.999999999999996
78816,37090,0.62,0.84,21.999999999999996
78818,37091,0.63,0.84,20.999999999999996
81344,38315,0.63,0.84,20.999999999999996
81345,38316,0.63,0.84,20.999999999999996
81347,38317,0.63,0.84,20.999999999999996
81348,38318,0.63,0.84,20.999999999999996
81349,38319,0.62,0.84,21.999999999999996
81350,38320,0.62,0.84,21.999999999999996
81354,38321,0.62,0.84,21.999999999999996
81355,38322,0.61,0.84,23.0
81357,38323,0.61,0.84,23.0
81359,38324,0.6,0.84,24.0
81362,38325,0.6,0.84,24.0
81363,38326,0.61,0.84,23.0
81364,38327,0.62,0.84,21.999999999999996
81365,38328,0.61,0.84,23.0
81366,38329,0.61,0.84,23.0
81368,38330,0.62,0.84,21.999999999999996
81370,38331,0.62,0.84,21.999999999999996
81371,38332,0.63,0.84,20.999999999999996
81372,38333,0.63,0.84,20.999999999999996
81374,38334,0.62,0.84,21.999999999999996
81376,38335,0.63,0.84,20.999999999999996
81377,38336,0.63,0.84,20.999999999999996
81378,38337,0.62,0.84,21.999999999999996
81380,38338,0.62,0.84,21.999999999999996
81384,38339,0.63,0.84,20.999999999999996
81387,38340,0.63,0.84,20.999999999999996
81391,38342,0.63,0.84,20.999999999999996
81396,38343,0.63,0.84,20.999999999999996
81398,38344,0.63,0.84,20.999999999999996
81400,38345,0.62,0.84,21.999999999999996
81401,38346,0.63,0.84,20.999999999999996
81402,38347,0.63,0.84,20.999999999999996
81403,38348,0.63,0.84,20.999999999999996
81404,38349,0.63,0.84,20.999999999999996
81405,38350,0.63,0.84,20.999999999999996
81407,38351,0.63,0.84,20.999999999999996
81413,38354,0.63,0.84,20.999999999999996
81416,38355,0.62,0.84,21.999999999999996
81419,38356,0.62,0.84,21.999999999999996
81421,38357,0.62,0.84,21.999999999999996
81423,38358,0.62,0.84,21.999999999999996
81425,38359,0.62,0.84,21.999999999999996
81426,38360,0.62,0.84,21.999999999999996
81429,38361,0.62,0.84,21.999999999999996
81430,38362,0.63,0.84,20.999999999999996
81431,38363,0.62,0.84,21.999999999999996
81433,38364,0.62,0.84,21.999999999999996
81436,38365,0.63,0.84,20.999999999999996
81438,38366,0.63,0.84,20.999999999999996
81440,38367,0.63,0.84,20.999999999999996
81441,38368,0.63,0.84,20.999999999999996
81487,38392,0.63,0.84,20.999999999999996
81488,38393,0.63,0.84,20.999999999999996
81491,38394,0.63,0.84,20.999999999999996
